conversation_id	label	label_binary	num_turns	num_toxicity_scored_utterances	max_toxicity	mean_toxicity	has_toxicity_scores	split
101988830.174339.174339	civil	0	8	0	0.0	0.0	False	dev
102857409.67168.67168	civil	0	9	0	0.0	0.0	False	dev
103044830.207.207	derailed	1	7	0	0.0	0.0	False	dev
103587368.2010.2010	civil	0	5	5	0.049826300583659305	0.018742989310915427	True	dev
104033285.691.691	derailed	1	7	7	0.769447467650093	0.22087240475264672	True	dev
10413611.96462.96462	civil	0	7	0	0.0	0.0	False	dev
10414252.98811.98811	derailed	1	7	0	0.0	0.0	False	dev
104884181.36843.36843	civil	0	6	0	0.0	0.0	False	dev
104887604.5394.5394	civil	0	5	5	0.04520407123790862	0.028483973139350784	True	dev
10637415.35440.35440	civil	0	9	0	0.0	0.0	False	dev
107047394.5221.5221	civil	0	4	4	0.02628503	0.015043907499999998	True	dev
107174613.31450.31450	derailed	1	10	0	0.0	0.0	False	dev
108254711.66560.66560	derailed	1	6	6	0.61162835	0.13723285466666668	True	dev
109195877.11310.11310	civil	0	8	8	0.057183463	0.026220272875000006	True	dev
109512129.17929.17838	civil	0	6	0	0.0	0.0	False	dev
110963287.57675.57675	civil	0	6	0	0.0	0.0	False	dev
113637694.52.52	derailed	1	9	0	0.0	0.0	False	dev
115486269.9877.9877	derailed	1	7	0	0.0	0.0	False	dev
116605439.14054.14054	derailed	1	6	6	0.7009271	0.20957789216666667	True	dev
118981586.17906.17499	derailed	1	7	0	0.0	0.0	False	dev
119870947.14802.14802	derailed	1	9	0	0.0	0.0	False	dev
120995731.84245.84245	derailed	1	11	0	0.0	0.0	False	dev
121420264.7209.7209	civil	0	6	0	0.0	0.0	False	dev
121589754.2688.2688	derailed	1	3	3	0.8401266085833872	0.422449203436428	True	dev
12310624.80526.80526	derailed	1	8	0	0.0	0.0	False	dev
123248299.5408.5408	derailed	1	6	6	0.0	0.0	True	dev
124113023.188154.188154	civil	0	6	0	0.0	0.0	False	dev
124154930.215277.215211	derailed	1	10	0	0.0	0.0	False	dev
12555064.2026.2026	derailed	1	4	4	0.6758774999999999	0.2575657375	True	dev
126409669.13907.13907	derailed	1	7	0	0.0	0.0	False	dev
127497976.8167.8167	civil	0	6	0	0.0	0.0	False	dev
12839910.39333.39333	civil	0	9	0	0.0	0.0	False	dev
12849936.3317.3317	derailed	1	6	0	0.0	0.0	False	dev
128836290.41741.41741	derailed	1	10	0	0.0	0.0	False	dev
129882965.49291.49291	civil	0	7	0	0.0	0.0	False	dev
130142184.21.21	derailed	1	9	0	0.0	0.0	False	dev
131025431.83400.83415	civil	0	8	0	0.0	0.0	False	dev
131373413.24835.24835	derailed	1	5	5	0.8740955325411166	0.2813763318466932	True	dev
133814486.1212.1212	civil	0	7	0	0.0	0.0	False	dev
134118434.238221.238221	derailed	1	6	0	0.0	0.0	False	dev
134180909.1601.1601	civil	0	6	6	0.1268757	0.05088507866666667	True	dev
135170068.53068.53068	civil	0	7	0	0.0	0.0	False	dev
13533876.64395.64395	derailed	1	10	0	0.0	0.0	False	dev
136660409.4608.4608	derailed	1	8	8	0.6771105	0.1764070735	True	dev
140681796.722.722	civil	0	5	5	0.2843288	0.10422657099999999	True	dev
141912964.35.35	civil	0	9	0	0.0	0.0	False	dev
143237548.53.53	civil	0	7	0	0.0	0.0	False	dev
143409377.102778.102778	civil	0	8	0	0.0	0.0	False	dev
14373957.12233.12233	derailed	1	11	0	0.0	0.0	False	dev
146015916.4310.4310	civil	0	4	4	0.237544090854	0.09806623002228809	True	dev
148422557.5277.5277	civil	0	5	5	0.15606580491695266	0.05891461415293111	True	dev
148898478.6485.6485	derailed	1	6	0	0.0	0.0	False	dev
14969685.9097.9097	derailed	1	4	4	0.7009271	0.25420779450000003	True	dev
151382300.115875.115842	civil	0	6	0	0.0	0.0	False	dev
152213422.465.0	civil	0	4	4	0.3579902	0.1602754475	True	dev
153999042.1460.1460	derailed	1	9	0	0.0	0.0	False	dev
154240847.8180.8180	civil	0	8	0	0.0	0.0	False	dev
15454148.108.108	civil	0	4	4	0.14592572	0.074112495	True	dev
154690019.11951.11951	derailed	1	6	0	0.0	0.0	False	dev
155594817.14064.14064	derailed	1	5	5	0.97207886	0.26658422719999997	True	dev
156944104.241877.241877	civil	0	6	0	0.0	0.0	False	dev
15832773.3019.3019	derailed	1	5	5	0.9018962	0.2360107018	True	dev
15835089.3408.3408	civil	0	6	6	0.13660164	0.08874220433333334	True	dev
161024819.5349.5349	derailed	1	6	6	0.876137641081	0.26593661349024605	True	dev
163003106.19300.19300	derailed	1	10	0	0.0	0.0	False	dev
164804684.22729.22729	derailed	1	7	0	0.0	0.0	False	dev
166882643.4224.4224	derailed	1	4	4	0.7758741258740001	0.24277174046064381	True	dev
169038966.37414.37414	derailed	1	7	0	0.0	0.0	False	dev
169405937.9516.9152	civil	0	10	0	0.0	0.0	False	dev
170428607.129367.129367	derailed	1	10	0	0.0	0.0	False	dev
171453628.1091.1091	derailed	1	5	5	0.64452356	0.18187016169999998	True	dev
171740252.107007.107007	civil	0	6	0	0.0	0.0	False	dev
172304054.82025.82025	civil	0	8	0	0.0	0.0	False	dev
172503003.33484.33484	derailed	1	7	0	0.0	0.0	False	dev
172613388.99154.99154	derailed	1	8	0	0.0	0.0	False	dev
173254537.1759.1759	civil	0	5	5	0.3831514419321675	0.17754610887951316	True	dev
174491338.28390.28390	civil	0	4	4	0.08292005	0.03874359525	True	dev
176567566.14408.14408	derailed	1	7	7	0.644523548297	0.1431551106178053	True	dev
17742281.3575.3575	civil	0	10	0	0.0	0.0	False	dev
177752278.324.324	civil	0	4	4	0.3030268	0.20992927	True	dev
17826923.218935.218935	civil	0	8	0	0.0	0.0	False	dev
17873587.67449.67449	derailed	1	8	0	0.0	0.0	False	dev
181560238.7099.7099	civil	0	7	0	0.0	0.0	False	dev
182681667.10897.10897	civil	0	4	4	0.291697	0.09891980774999999	True	dev
183506545.51382.51382	derailed	1	6	0	0.0	0.0	False	dev
18396841.5729.5729	derailed	1	8	8	0.60783094	0.2029757035	True	dev
184445114.1058.1058	derailed	1	5	5	0.9027101	0.2194285928	True	dev
184636850.204870.204870	derailed	1	8	0	0.0	0.0	False	dev
187452023.186350.186350	derailed	1	11	0	0.0	0.0	False	dev
188355409.14175.14175	derailed	1	5	5	0.9296134803658472	0.2774796078138169	True	dev
188854330.5411.5411	civil	0	4	4	0.11413664	0.03701356375	True	dev
18931263.83553.83553	derailed	1	6	0	0.0	0.0	False	dev
190088737.3985.4184	civil	0	7	0	0.0	0.0	False	dev
19183186.15607.15607	derailed	1	6	0	0.0	0.0	False	dev
191944517.8419.8419	derailed	1	5	5	0.61692727	0.16857546920000002	True	dev
192080482.18556.18556	civil	0	12	12	0.16822283	0.06471417591666667	True	dev
193641946.19885.19885	civil	0	6	6	0.096090436	0.03143974116666667	True	dev
193649667.12093.12093	derailed	1	4	4	0.0	0.0	True	dev
19443799.41758.41758	derailed	1	9	0	0.0	0.0	False	dev
194547346.9908.9908	civil	0	7	0	0.0	0.0	False	dev
194696289.31709.31709	derailed	1	7	0	0.0	0.0	False	dev
194953393.144648.144648	civil	0	6	0	0.0	0.0	False	dev
195353398.24272.23337	derailed	1	5	5	0.64452356	0.24206105120000002	True	dev
19594450.664.739	derailed	1	10	0	0.0	0.0	False	dev
195996613.1445.1445	civil	0	6	6	0.23754409	0.09253393750000001	True	dev
196310789.19335.19335	derailed	1	4	4	0.7842068393584721	0.25692054581984103	True	dev
19978980.12383.12383	civil	0	7	0	0.0	0.0	False	dev
200053269.20798.20798	civil	0	4	4	0.1961207	0.104975046	True	dev
200094653.158781.158781	derailed	1	7	0	0.0	0.0	False	dev
200248222.21224.21224	derailed	1	6	6	0.6197921	0.18703063416666665	True	dev
200634239.56463.56463	derailed	1	11	0	0.0	0.0	False	dev
20104457.739.739	derailed	1	3	3	0.7334881636732506	0.28494661225500095	True	dev
202505782.34992.34992	civil	0	6	0	0.0	0.0	False	dev
20271204.1661.1661	derailed	1	6	0	0.0	0.0	False	dev
20580006.15379.15379	derailed	1	5	5	0.8408872	0.22816857200000001	True	dev
206795682.49712.49712	derailed	1	9	0	0.0	0.0	False	dev
209307971.88363.88363	civil	0	11	0	0.0	0.0	False	dev
209529096.12127.12127	derailed	1	6	6	0.64452356	0.20971690166666668	True	dev
21009169.75081.75081	derailed	1	7	0	0.0	0.0	False	dev
212048079.9900.9900	derailed	1	9	0	0.0	0.0	False	dev
212833593.124076.124076	derailed	1	10	0	0.0	0.0	False	dev
212870395.24324.24324	civil	0	6	0	0.0	0.0	False	dev
213054683.78816.78816	civil	0	9	9	0.12731014	0.04551709088888889	True	dev
213835004.19657.19137	civil	0	8	0	0.0	0.0	False	dev
215798673.8775.8775	civil	0	5	5	0.3889421	0.137864702	True	dev
216690978.0.0	derailed	1	5	5	0.89369744	0.22296179	True	dev
217350683.16260.16260	derailed	1	9	0	0.0	0.0	False	dev
218804469.142073.142073	civil	0	9	0	0.0	0.0	False	dev
219174365.27632.27632	derailed	1	11	11	0.7009271	0.13915106254545456	True	dev
21930487.11396.11396	derailed	1	6	6	0.64452356	0.15343950066666667	True	dev
219684079.749.0	civil	0	7	0	0.0	0.0	False	dev
220449412.1917.1921	civil	0	6	0	0.0	0.0	False	dev
22046342.26486.26486	derailed	1	6	0	0.0	0.0	False	dev
220732800.2931.2931	civil	0	4	4	0.13039711	0.0859592125	True	dev
222987629.624410.624410	derailed	1	11	0	0.0	0.0	False	dev
224551679.4053.4053	derailed	1	10	10	0.64452356	0.16996822150000002	True	dev
2247733.0.0	civil	0	8	0	0.0	0.0	False	dev
225070854.920.920	derailed	1	10	10	0.7100943000000001	0.16193377680000004	True	dev
225650560.137.137	civil	0	6	0	0.0	0.0	False	dev
226934135.3374.3374	civil	0	4	4	0.15032197899823016	0.1005136363459464	True	dev
229718577.108421.108421	derailed	1	10	0	0.0	0.0	False	dev
230193438.998.998	derailed	1	5	5	0.77587414	0.242935802	True	dev
230840298.7670.7670	civil	0	7	0	0.0	0.0	False	dev
231731659.3214.3214	civil	0	4	4	0.23754409	0.08913694375	True	dev
232095869.2603.2603	derailed	1	11	0	0.0	0.0	False	dev
234055511.47191.47191	civil	0	6	0	0.0	0.0	False	dev
235454922.171854.171854	derailed	1	7	0	0.0	0.0	False	dev
235881562.3183.3183	civil	0	7	0	0.0	0.0	False	dev
23619937.12859.12924	derailed	1	4	4	0.6305835999999999	0.2346336275	True	dev
238492210.10461.10461	civil	0	7	0	0.0	0.0	False	dev
240212933.66139.66139	derailed	1	10	0	0.0	0.0	False	dev
242190235.3043.3043	derailed	1	11	11	0.9908853	0.17357314554545455	True	dev
242353492.15502.15502	civil	0	5	5	0.0	0.0	True	dev
243147704.30501.30501	civil	0	4	4	0.027936599445203547	0.017806371315047722	True	dev
244720905.55312.55312	derailed	1	6	0	0.0	0.0	False	dev
246036898.35970.35970	derailed	1	9	0	0.0	0.0	False	dev
246179143.18146.18146	civil	0	6	0	0.0	0.0	False	dev
250215222.88739.88739	civil	0	8	0	0.0	0.0	False	dev
251630183.1918.1918	civil	0	4	4	0.08779131	0.05440555175	True	dev
25365808.118071.118071	derailed	1	7	0	0.0	0.0	False	dev
254828333.15390.15390	derailed	1	8	0	0.0	0.0	False	dev
256451806.207.207	civil	0	6	0	0.0	0.0	False	dev
257264549.20881.20881	civil	0	7	0	0.0	0.0	False	dev
257648331.3145.3145	derailed	1	11	0	0.0	0.0	False	dev
257898162.8832.8832	derailed	1	4	4	0.7350197807715791	0.23748690749160029	True	dev
258462087.78844.78601	derailed	1	6	0	0.0	0.0	False	dev
2586406.3018.3013	civil	0	7	0	0.0	0.0	False	dev
259357785.3023.3023	civil	0	6	6	0.07409615	0.032976619000000006	True	dev
262628360.24230.24230	civil	0	6	0	0.0	0.0	False	dev
263251789.19204.19204	civil	0	6	0	0.0	0.0	False	dev
263276775.2860.2860	civil	0	12	12	0.36504474	0.13385438908333333	True	dev
26336706.108812.108812	derailed	1	10	0	0.0	0.0	False	dev
26358264.26916.26916	derailed	1	7	0	0.0	0.0	False	dev
266833866.5363.5363	civil	0	7	7	0.10344750952313543	0.03853170115152803	True	dev
266998378.20922.20922	civil	0	6	0	0.0	0.0	False	dev
268018308.7664.7664	civil	0	4	4	0.0	0.0	True	dev
26803454.53755.53755	derailed	1	9	0	0.0	0.0	False	dev
268160746.173678.173678	civil	0	7	0	0.0	0.0	False	dev
268199189.72921.72921	civil	0	6	0	0.0	0.0	False	dev
268780293.3361.3361	civil	0	4	4	0.14417366391779002	0.057812507725399656	True	dev
269668743.30681.30681	civil	0	7	0	0.0	0.0	False	dev
269794336.41085.41085	derailed	1	11	0	0.0	0.0	False	dev
27097866.7157.7157	derailed	1	8	0	0.0	0.0	False	dev
271057420.29079.29079	derailed	1	7	7	0.7347471999999999	0.16110935557142855	True	dev
272501287.145152.145152	derailed	1	8	0	0.0	0.0	False	dev
274962123.18124.18124	civil	0	9	0	0.0	0.0	False	dev
275528681.90230.90230	civil	0	7	0	0.0	0.0	False	dev
27556700.111.113	civil	0	6	0	0.0	0.0	False	dev
276323536.89495.89495	civil	0	7	0	0.0	0.0	False	dev
277032076.32695.32710	civil	0	9	0	0.0	0.0	False	dev
278549812.12666.12666	derailed	1	9	0	0.0	0.0	False	dev
278765498.27104.27104	derailed	1	5	5	0.0	0.0	True	dev
27907560.6923.6923	derailed	1	8	0	0.0	0.0	False	dev
27909300.43483.43483	civil	0	4	4	0.11330514	0.0651018975	True	dev
279233642.65874.65874	civil	0	7	0	0.0	0.0	False	dev
28259651.41082.41082	derailed	1	11	0	0.0	0.0	False	dev
282945883.108975.108975	civil	0	8	0	0.0	0.0	False	dev
284167801.16543.16543	derailed	1	5	5	0.6094706999999999	0.217907264	True	dev
285042554.41984.41984	derailed	1	8	0	0.0	0.0	False	dev
28570760.58777.58777	civil	0	6	0	0.0	0.0	False	dev
286749102.51492.51492	civil	0	11	0	0.0	0.0	False	dev
28686217.67028.67028	civil	0	9	0	0.0	0.0	False	dev
288466917.71301.71301	derailed	1	8	0	0.0	0.0	False	dev
290597204.9278.9278	civil	0	6	0	0.0	0.0	False	dev
2913971.21571.21571	civil	0	6	0	0.0	0.0	False	dev
291658428.29791.29791	derailed	1	8	0	0.0	0.0	False	dev
293910846.65056.65056	civil	0	8	0	0.0	0.0	False	dev
295226329.18053.18053	civil	0	7	0	0.0	0.0	False	dev
297033823.130053.130053	derailed	1	8	0	0.0	0.0	False	dev
299829260.2815.2815	civil	0	4	4	0.050217446	0.019674493	True	dev
30066719.7788.7788	civil	0	5	5	0.23754409	0.13743531199999998	True	dev
300720418.46203.46203	derailed	1	7	0	0.0	0.0	False	dev
301618123.19649.19649	derailed	1	5	5	0.9615087	0.375452748	True	dev
302451722.17861.17861	civil	0	5	5	0.20418563	0.110710432	True	dev
302714950.48719.48719	derailed	1	7	0	0.0	0.0	False	dev
3031802.21943.21943	civil	0	8	0	0.0	0.0	False	dev
303236895.126939.126761	derailed	1	10	0	0.0	0.0	False	dev
30361704.1760.1760	derailed	1	11	0	0.0	0.0	False	dev
303868524.4308.4308	derailed	1	10	0	0.0	0.0	False	dev
304181779.2394.2394	derailed	1	5	5	0.69953084	0.16631797539999998	True	dev
306576529.343728.343728	derailed	1	10	0	0.0	0.0	False	dev
306833188.16520.16520	civil	0	3	3	0.04047763218818089	0.029171967505880688	True	dev
308115368.153644.153644	derailed	1	7	0	0.0	0.0	False	dev
308212225.20117.20117	civil	0	7	0	0.0	0.0	False	dev
309466580.6631.6630	civil	0	3	3	0.2365657258273911	0.10168836513138245	True	dev
311246875.27.27	derailed	1	3	3	0.644523548297	0.22706200073066096	True	dev
31155802.107911.107911	civil	0	6	0	0.0	0.0	False	dev
31254071.3384.3384	derailed	1	7	0	0.0	0.0	False	dev
31546988.15224.15224	civil	0	7	0	0.0	0.0	False	dev
317756006.1189.1189	derailed	1	11	0	0.0	0.0	False	dev
318316553.37084.37084	derailed	1	7	0	0.0	0.0	False	dev
318394814.36482.36482	civil	0	4	4	0.0	0.0	True	dev
32027471.461.461	derailed	1	6	0	0.0	0.0	False	dev
321528509.87053.87053	civil	0	6	0	0.0	0.0	False	dev
321974548.54886.54886	derailed	1	6	0	0.0	0.0	False	dev
322007841.46090.46090	derailed	1	8	0	0.0	0.0	False	dev
322937402.26510.26510	civil	0	6	0	0.0	0.0	False	dev
323100662.56233.56233	derailed	1	6	0	0.0	0.0	False	dev
323707036.42268.42268	civil	0	7	0	0.0	0.0	False	dev
324625042.21933.21933	derailed	1	4	4	0.8924122999999999	0.2602601215	True	dev
325882590.514.514	civil	0	8	0	0.0	0.0	False	dev
327070540.119787.119787	derailed	1	6	0	0.0	0.0	False	dev
327444640.22172.22172	derailed	1	9	0	0.0	0.0	False	dev
328043589.16897.16897	civil	0	6	6	0.38464582372542666	0.09787943922412361	True	dev
329720221.26925.26925	civil	0	7	0	0.0	0.0	False	dev
329760247.166079.166079	civil	0	8	0	0.0	0.0	False	dev
33090167.90543.90543	civil	0	9	0	0.0	0.0	False	dev
334490665.47054.47054	civil	0	6	6	0.043429084000000014	0.025180991	True	dev
334738879.70375.70239	derailed	1	6	0	0.0	0.0	False	dev
334776438.27739.27739	derailed	1	9	0	0.0	0.0	False	dev
335299044.9453.9453	derailed	1	10	0	0.0	0.0	False	dev
335801903.103827.103827	civil	0	9	0	0.0	0.0	False	dev
337579124.3379.3379	derailed	1	9	0	0.0	0.0	False	dev
338154888.43414.43414	derailed	1	8	0	0.0	0.0	False	dev
338290689.2590.2590	civil	0	5	5	0.14527182	0.07201052799999999	True	dev
33887701.89870.89870	civil	0	7	0	0.0	0.0	False	dev
341617416.168261.168261	civil	0	8	0	0.0	0.0	False	dev
341913487.5430.5381	derailed	1	8	0	0.0	0.0	False	dev
342327012.26988.26988	civil	0	7	0	0.0	0.0	False	dev
34252121.10264.10264	civil	0	4	4	0.0	0.0	True	dev
347122190.4034.4034	civil	0	3	3	0.06257164464819412	0.04825868243710612	True	dev
348050489.13623.13623	derailed	1	5	5	0.7892746	0.257620316	True	dev
350767287.7099.7099	derailed	1	4	4	0.7813948598525469	0.3043599445897928	True	dev
351354582.20857.20857	civil	0	5	5	0.29166523	0.07390529218	True	dev
35138738.3047.3047	civil	0	8	0	0.0	0.0	False	dev
351874821.638.638	derailed	1	4	4	0.8462417312433353	0.29608269544733384	True	dev
353086396.18088.18088	derailed	1	10	0	0.0	0.0	False	dev
353577617.42455.42455	civil	0	6	0	0.0	0.0	False	dev
354516519.5971.5971	civil	0	4	4	0.045766644	0.0309269785	True	dev
35534354.241.241	derailed	1	10	0	0.0	0.0	False	dev
35892071.2013.2013	civil	0	8	0	0.0	0.0	False	dev
362471029.22788.22788	derailed	1	5	5	0.7009271	0.195353034	True	dev
364812646.149316.149316	derailed	1	9	0	0.0	0.0	False	dev
365314113.3156.3156	civil	0	7	0	0.0	0.0	False	dev
366194245.3378.3378	civil	0	4	4	0.2458995995579938	0.07146123484858802	True	dev
366268428.8232.8232	derailed	1	7	0	0.0	0.0	False	dev
366296033.6325.6325	derailed	1	4	4	0.78130203	0.311439625	True	dev
366796148.35031.35031	civil	0	7	0	0.0	0.0	False	dev
36774149.13039.13039	derailed	1	8	0	0.0	0.0	False	dev
368040175.20376.20376	civil	0	4	4	0.08835251	0.05745255	True	dev
368671606.153766.153766	civil	0	9	0	0.0	0.0	False	dev
369499457.82.82	derailed	1	9	0	0.0	0.0	False	dev
370760170.48343.48343	civil	0	4	4	0.13414891	0.05923554475000001	True	dev
371519464.221315.221315	civil	0	7	0	0.0	0.0	False	dev
371833859.42949.43122	civil	0	8	0	0.0	0.0	False	dev
372417086.10498.10498	civil	0	6	0	0.0	0.0	False	dev
372585358.897.897	civil	0	7	0	0.0	0.0	False	dev
373259044.37599.37599	civil	0	6	0	0.0	0.0	False	dev
373564042.28753.28753	civil	0	7	0	0.0	0.0	False	dev
375594395.80054.80054	derailed	1	7	0	0.0	0.0	False	dev
37563631.2716.2716	derailed	1	8	0	0.0	0.0	False	dev
375772543.766.766	civil	0	6	0	0.0	0.0	False	dev
376995535.92365.92365	derailed	1	6	0	0.0	0.0	False	dev
37736655.62719.62520	derailed	1	9	0	0.0	0.0	False	dev
377377077.174238.174238	derailed	1	11	0	0.0	0.0	False	dev
380116022.2225.2141	civil	0	5	5	0.2358613032813309	0.19694322280908338	True	dev
380320498.100826.100826	civil	0	11	0	0.0	0.0	False	dev
38110449.39052.39052	derailed	1	5	5	0.7863738	0.191795353	True	dev
384936354.19264.19264	derailed	1	8	0	0.0	0.0	False	dev
38591519.50243.50547	derailed	1	10	0	0.0	0.0	False	dev
386372872.49161.49161	derailed	1	9	0	0.0	0.0	False	dev
387167288.20553.20553	derailed	1	8	8	0.64452356	0.166723749875	True	dev
38916517.5920.5920	civil	0	5	5	0.09510885	0.040559281	True	dev
390489458.7466.7466	civil	0	8	0	0.0	0.0	False	dev
390604951.276.276	derailed	1	6	6	0.64452356	0.2595911	True	dev
391301995.3559.3559	civil	0	4	4	0.3556235770111746	0.18762276669015565	True	dev
392929872.1644.1644	civil	0	4	4	0.03847865	0.01394880465	True	dev
393973338.36183.36183	derailed	1	7	0	0.0	0.0	False	dev
39433623.13455.13455	civil	0	7	0	0.0	0.0	False	dev
395896261.35714.35714	civil	0	6	0	0.0	0.0	False	dev
399172725.4008.4008	civil	0	12	12	0.3889421	0.12670574241666666	True	dev
401324966.8698.8698	civil	0	6	0	0.0	0.0	False	dev
403048277.16654.16654	derailed	1	6	0	0.0	0.0	False	dev
40385087.4701.4701	civil	0	3	3	0.17678448867144542	0.13712215689252547	True	dev
403925826.141787.141787	derailed	1	6	0	0.0	0.0	False	dev
407520161.10904.10904	derailed	1	8	0	0.0	0.0	False	dev
408629729.27981.27981	civil	0	7	0	0.0	0.0	False	dev
410361068.60688.60688	civil	0	6	0	0.0	0.0	False	dev
411548262.13413.13413	civil	0	5	5	0.046497084	0.0323992408	True	dev
412772022.103407.103407	civil	0	7	0	0.0	0.0	False	dev
41425987.60404.60404	civil	0	8	0	0.0	0.0	False	dev
416253247.1328.1328	derailed	1	5	5	0.6771105	0.290054388	True	dev
416495527.21724.21724	civil	0	6	0	0.0	0.0	False	dev
416510636.2319.2319	civil	0	4	4	0.13730925	0.0539969625	True	dev
41695649.67835.67836	derailed	1	8	0	0.0	0.0	False	dev
417116949.1754.1754	derailed	1	4	4	0.6300825	0.228823215	True	dev
417648783.105792.105792	civil	0	6	0	0.0	0.0	False	dev
418228870.33502.33502	civil	0	4	4	0.002134963	0.00160122225	True	dev
418671682.1514.1514	civil	0	4	4	0.08655281	0.03259688225	True	dev
418695946.3449.3449	derailed	1	4	4	0.9723168	0.26505605575	True	dev
420234982.4725.5924	civil	0	7	0	0.0	0.0	False	dev
420238290.70410.70410	civil	0	6	0	0.0	0.0	False	dev
421517004.1713.1713	civil	0	4	4	0.12291263411094032	0.06993834010344817	True	dev
421595209.5604.5604	derailed	1	7	0	0.0	0.0	False	dev
424259231.19682.19682	derailed	1	10	0	0.0	0.0	False	dev
424691747.33932.33932	derailed	1	9	0	0.0	0.0	False	dev
427695564.32647.32647	civil	0	5	5	0.10996155	0.0606731676	True	dev
428707734.52277.52277	civil	0	6	0	0.0	0.0	False	dev
430792779.0.0	derailed	1	8	8	0.67711049373	0.13488108548133876	True	dev
430973859.685.688	civil	0	6	0	0.0	0.0	False	dev
431298871.36913.36913	derailed	1	6	0	0.0	0.0	False	dev
431855130.18319.18319	civil	0	7	0	0.0	0.0	False	dev
432042350.25227.25227	derailed	1	6	0	0.0	0.0	False	dev
43253452.24.24	civil	0	5	5	0.3015850493089097	0.1049408396074567	True	dev
43421251.29013.29013	civil	0	4	4	0.19651835341281124	0.1323194230917279	True	dev
43509832.76095.76095	derailed	1	8	0	0.0	0.0	False	dev
435536821.3412.3412	derailed	1	10	0	0.0	0.0	False	dev
437976342.73643.73643	civil	0	7	0	0.0	0.0	False	dev
43836042.96770.96770	civil	0	8	0	0.0	0.0	False	dev
43876308.51572.51572	derailed	1	8	0	0.0	0.0	False	dev
439473115.92051.92051	civil	0	7	0	0.0	0.0	False	dev
43992469.55033.55033	civil	0	6	0	0.0	0.0	False	dev
441084985.348.348	civil	0	7	7	0.0845390852164113	0.04514790730101414	True	dev
442499415.33980.33980	civil	0	4	4	0.04462927	0.02990995825	True	dev
442605009.10054.10054	derailed	1	4	4	0.0	0.0	True	dev
444597236.176624.175873	derailed	1	9	0	0.0	0.0	False	dev
451122044.208.208	derailed	1	6	0	0.0	0.0	False	dev
451424806.10640.10640	civil	0	6	0	0.0	0.0	False	dev
451780442.12809.12809	civil	0	6	0	0.0	0.0	False	dev
452132142.190280.190280	civil	0	6	0	0.0	0.0	False	dev
454183854.6967.6967	civil	0	6	0	0.0	0.0	False	dev
454956608.1607.1607	derailed	1	5	5	0.63045913	0.25060043800000004	True	dev
454978736.90042.90042	derailed	1	5	5	0.64452356	0.292180092	True	dev
455107185.1831.1831	derailed	1	5	5	0.82595015	0.266629064	True	dev
455291480.139611.139611	civil	0	9	0	0.0	0.0	False	dev
457353294.15611.15611	derailed	1	10	0	0.0	0.0	False	dev
459515127.120998.120998	derailed	1	7	0	0.0	0.0	False	dev
461877034.54731.54731	derailed	1	7	0	0.0	0.0	False	dev
462206585.21475.21475	derailed	1	10	0	0.0	0.0	False	dev
464174316.11533.11533	civil	0	10	0	0.0	0.0	False	dev
465151872.2417.2417	derailed	1	5	5	0.93020815	0.22318119720000001	True	dev
468309473.22643.22643	civil	0	7	0	0.0	0.0	False	dev
46858832.26892.26892	derailed	1	6	6	0.79548836	0.23469630166666666	True	dev
469263648.13777.13777	derailed	1	6	0	0.0	0.0	False	dev
471148285.28188.28188	civil	0	7	0	0.0	0.0	False	dev
471462827.1311.1311	civil	0	4	4	0.11853519034842315	0.06650973668161803	True	dev
473786014.2956.2956	civil	0	4	4	0.31827016103687283	0.2023603267719	True	dev
476054070.11581.11581	derailed	1	11	0	0.0	0.0	False	dev
47645114.13406.13406	civil	0	10	0	0.0	0.0	False	dev
484796662.8189.8712	derailed	1	10	0	0.0	0.0	False	dev
48547991.119426.119426	civil	0	7	0	0.0	0.0	False	dev
488453419.65974.65974	derailed	1	7	0	0.0	0.0	False	dev
489995751.12408.12408	derailed	1	7	0	0.0	0.0	False	dev
492550735.63469.63469	derailed	1	11	0	0.0	0.0	False	dev
49340533.42352.42352	civil	0	6	0	0.0	0.0	False	dev
494737192.67859.0	civil	0	7	0	0.0	0.0	False	dev
495435334.22332.22326	derailed	1	8	0	0.0	0.0	False	dev
49917109.41732.41457	civil	0	6	0	0.0	0.0	False	dev
49922827.42158.42158	derailed	1	11	0	0.0	0.0	False	dev
500435599.1836.1836	civil	0	3	3	0.06808620242595884	0.04040607915496572	True	dev
500740708.19926.19926	civil	0	4	4	0.07439920109050527	0.032199554812787766	True	dev
5009702.20355.20355	civil	0	6	0	0.0	0.0	False	dev
501303249.26818.26818	civil	0	11	0	0.0	0.0	False	dev
501369513.121762.121762	derailed	1	10	0	0.0	0.0	False	dev
502276644.65016.65016	civil	0	8	0	0.0	0.0	False	dev
50262555.43630.43630	derailed	1	8	0	0.0	0.0	False	dev
50598973.66267.66240	civil	0	8	0	0.0	0.0	False	dev
506201661.227.227	derailed	1	6	0	0.0	0.0	False	dev
508450602.195.195	civil	0	8	0	0.0	0.0	False	dev
511827063.22709.22709	civil	0	10	0	0.0	0.0	False	dev
512463071.61606.61606	civil	0	10	0	0.0	0.0	False	dev
512498577.49935.49935	derailed	1	11	0	0.0	0.0	False	dev
51620047.7258.7258	derailed	1	6	0	0.0	0.0	False	dev
516227162.2613.2613	derailed	1	6	0	0.0	0.0	False	dev
51896337.77041.77041	civil	0	6	0	0.0	0.0	False	dev
519782450.233306.233306	civil	0	6	0	0.0	0.0	False	dev
521109525.5453.5453	derailed	1	6	6	0.696711608492832	0.23874532307883833	True	dev
522414630.16759.16759	civil	0	9	0	0.0	0.0	False	dev
523088517.86277.86277	derailed	1	11	0	0.0	0.0	False	dev
525391210.13009.13009	civil	0	11	0	0.0	0.0	False	dev
527661344.134882.134848	derailed	1	9	0	0.0	0.0	False	dev
534205014.79854.79854	derailed	1	6	0	0.0	0.0	False	dev
534422364.1222.1222	civil	0	7	7	0.1302861341296473	0.05279255066521011	True	dev
535987994.460346.460346	civil	0	7	0	0.0	0.0	False	dev
536919574.46512.46512	civil	0	10	0	0.0	0.0	False	dev
541780869.17769.17769	civil	0	10	0	0.0	0.0	False	dev
545795998.5792.5792	derailed	1	7	0	0.0	0.0	False	dev
546557839.9783.9783	derailed	1	11	0	0.0	0.0	False	dev
54894815.3492.3492	civil	0	7	0	0.0	0.0	False	dev
551192922.8298.8298	civil	0	9	0	0.0	0.0	False	dev
55131466.0.0	derailed	1	11	0	0.0	0.0	False	dev
551811026.570.570	derailed	1	6	0	0.0	0.0	False	dev
555762812.21834.21834	derailed	1	8	0	0.0	0.0	False	dev
557432640.16838.16838	derailed	1	7	7	0.9159081707105521	0.21543995154813286	True	dev
558667539.23444.23444	civil	0	9	0	0.0	0.0	False	dev
560012202.11316.11316	civil	0	11	0	0.0	0.0	False	dev
561120457.130413.130413	civil	0	11	0	0.0	0.0	False	dev
561321373.148445.148445	derailed	1	11	0	0.0	0.0	False	dev
566016506.37756.37756	civil	0	8	0	0.0	0.0	False	dev
566377175.5641.5641	civil	0	8	0	0.0	0.0	False	dev
567561777.14587.14587	civil	0	6	0	0.0	0.0	False	dev
568828429.12581.12581	derailed	1	6	0	0.0	0.0	False	dev
57210701.12247.12247	derailed	1	11	0	0.0	0.0	False	dev
572184332.44989.44989	derailed	1	6	0	0.0	0.0	False	dev
572404818.9779.9779	civil	0	6	0	0.0	0.0	False	dev
57380278.34706.34706	derailed	1	4	4	0.9917538	0.29175844100000004	True	dev
573935236.44299.44299	derailed	1	6	0	0.0	0.0	False	dev
574339180.30360.30360	derailed	1	9	0	0.0	0.0	False	dev
582565025.3094.3094	civil	0	8	0	0.0	0.0	False	dev
583141734.14687.14687	civil	0	6	0	0.0	0.0	False	dev
58658855.26.26	civil	0	8	0	0.0	0.0	False	dev
587133896.11926.11926	civil	0	10	0	0.0	0.0	False	dev
58902313.106179.106179	derailed	1	7	0	0.0	0.0	False	dev
58937490.367459.367459	civil	0	6	0	0.0	0.0	False	dev
589490830.15134.15134	civil	0	7	0	0.0	0.0	False	dev
59305443.0.0	derailed	1	11	0	0.0	0.0	False	dev
59378511.0.0	derailed	1	8	0	0.0	0.0	False	dev
593959411.53816.53816	derailed	1	6	0	0.0	0.0	False	dev
597410203.7135.7135	derailed	1	7	0	0.0	0.0	False	dev
600457267.12026.12026	derailed	1	7	0	0.0	0.0	False	dev
607585322.7490.7490	civil	0	7	0	0.0	0.0	False	dev
607693890.61729.61729	civil	0	10	0	0.0	0.0	False	dev
610518755.66567.66567	civil	0	7	0	0.0	0.0	False	dev
618034135.6241.6241	derailed	1	8	0	0.0	0.0	False	dev
622238434.39584.39584	derailed	1	6	0	0.0	0.0	False	dev
623785425.41941.40874	derailed	1	7	0	0.0	0.0	False	dev
624665687.113479.113479	derailed	1	6	0	0.0	0.0	False	dev
624995708.153424.153424	derailed	1	8	0	0.0	0.0	False	dev
625706549.318.318	derailed	1	5	5	0.95914245	0.25381138439999995	True	dev
627439633.26031.26031	derailed	1	7	0	0.0	0.0	False	dev
627995042.15973.15973	derailed	1	8	0	0.0	0.0	False	dev
627996153.128669.128669	civil	0	7	0	0.0	0.0	False	dev
630194967.10117.10117	civil	0	6	0	0.0	0.0	False	dev
630570497.6056.6056	derailed	1	6	0	0.0	0.0	False	dev
63149621.0.0	derailed	1	7	0	0.0	0.0	False	dev
632397607.12003.12003	derailed	1	9	0	0.0	0.0	False	dev
634164217.18455.18461	derailed	1	11	0	0.0	0.0	False	dev
636777041.208300.208300	derailed	1	6	0	0.0	0.0	False	dev
639003891.37703.37703	civil	0	6	0	0.0	0.0	False	dev
639298227.29225.29225	civil	0	6	0	0.0	0.0	False	dev
639503954.25333.25333	derailed	1	11	0	0.0	0.0	False	dev
639836213.22247.22247	derailed	1	7	0	0.0	0.0	False	dev
64299305.77889.77889	civil	0	10	0	0.0	0.0	False	dev
643107557.1460.1460	derailed	1	8	0	0.0	0.0	False	dev
64452930.91257.91257	civil	0	7	0	0.0	0.0	False	dev
64667207.109053.109053	derailed	1	8	0	0.0	0.0	False	dev
646967736.2475.2475	civil	0	9	0	0.0	0.0	False	dev
647342806.37600.37600	civil	0	6	0	0.0	0.0	False	dev
649045909.9623.9623	civil	0	7	0	0.0	0.0	False	dev
649333991.538.517	derailed	1	11	0	0.0	0.0	False	dev
64942649.2657.2657	derailed	1	4	4	0.64452356	0.283238955	True	dev
651954455.41638.41638	derailed	1	10	0	0.0	0.0	False	dev
6529205.38036.38036	derailed	1	4	4	0.644523548297	0.21565776548978044	True	dev
65297625.21486.21486	civil	0	6	0	0.0	0.0	False	dev
653366246.16010.16010	civil	0	6	0	0.0	0.0	False	dev
653618697.74284.74036	civil	0	7	0	0.0	0.0	False	dev
653622611.47.47	civil	0	4	4	0.20913008	0.126260635	True	dev
654425504.5944.5944	derailed	1	8	0	0.0	0.0	False	dev
65460213.0.0	civil	0	7	0	0.0	0.0	False	dev
654729753.9201.9201	civil	0	11	0	0.0	0.0	False	dev
656446214.15024.15024	derailed	1	8	0	0.0	0.0	False	dev
656615644.65837.65837	derailed	1	9	0	0.0	0.0	False	dev
656649551.53527.53527	civil	0	8	0	0.0	0.0	False	dev
65842195.90579.90579	derailed	1	6	0	0.0	0.0	False	dev
658888258.158.158	derailed	1	5	5	0.6137842504102132	0.2531037711369384	True	dev
659047971.2222.2222	civil	0	4	4	0.14859850983269993	0.048890373946427035	True	dev
661930475.8720.8720	civil	0	6	0	0.0	0.0	False	dev
663101998.1894.1894	derailed	1	6	6	0.853526	0.22158972433333335	True	dev
663956384.73411.73410	civil	0	11	0	0.0	0.0	False	dev
665450405.119557.119557	civil	0	7	0	0.0	0.0	False	dev
665641194.121652.121652	derailed	1	9	0	0.0	0.0	False	dev
665785790.8879.8879	derailed	1	3	3	0.7813020473890001	0.45467796578225417	True	dev
667765782.22487.22487	derailed	1	6	0	0.0	0.0	False	dev
669153537.3274.3282	civil	0	5	5	0.3075088752286493	0.1092219737193787	True	dev
669236620.4482.4482	derailed	1	5	5	0.79710335	0.2307593114	True	dev
671100541.4401.4401	civil	0	6	6	0.30967548	0.10620116766666665	True	dev
671205525.19361.19361	derailed	1	7	0	0.0	0.0	False	dev
67178669.334.334	civil	0	7	0	0.0	0.0	False	dev
675192756.77379.77379	derailed	1	8	0	0.0	0.0	False	dev
67571150.1474.1474	derailed	1	9	0	0.0	0.0	False	dev
676160758.62395.62395	derailed	1	6	0	0.0	0.0	False	dev
679834887.6117.6117	civil	0	10	0	0.0	0.0	False	dev
68253469.28342.28342	civil	0	7	0	0.0	0.0	False	dev
686083039.54.54	civil	0	6	0	0.0	0.0	False	dev
6864493.10658.10658	civil	0	6	0	0.0	0.0	False	dev
686588222.63905.63905	civil	0	6	0	0.0	0.0	False	dev
687419895.266117.266117	derailed	1	6	0	0.0	0.0	False	dev
688317456.11473.11473	civil	0	4	4	0.21016237427590465	0.09545525549037766	True	dev
68951042.72557.72557	derailed	1	6	0	0.0	0.0	False	dev
689697307.11188.11188	civil	0	4	4	0.097086154	0.04590637324999999	True	dev
696603755.301828.301828	derailed	1	11	0	0.0	0.0	False	dev
69769376.16489.16489	civil	0	4	4	0.22761999	0.07595700650000001	True	dev
698991135.19168.19168	derailed	1	9	0	0.0	0.0	False	dev
699115768.217807.217807	civil	0	7	0	0.0	0.0	False	dev
700731208.99.99	derailed	1	6	0	0.0	0.0	False	dev
702786492.22068.22068	civil	0	9	0	0.0	0.0	False	dev
70299304.17375.17375	civil	0	4	4	0.031048018	0.015076144999999999	True	dev
703457879.1243.1243	derailed	1	3	3	0.67711049373	0.24125451100807863	True	dev
704337133.1739.1739	civil	0	7	0	0.0	0.0	False	dev
705063251.38347.38347	derailed	1	7	0	0.0	0.0	False	dev
706212519.128.128	civil	0	7	0	0.0	0.0	False	dev
709969281.27807.27807	civil	0	6	0	0.0	0.0	False	dev
710751192.8514.8514	derailed	1	8	0	0.0	0.0	False	dev
710922591.7816.7816	derailed	1	7	7	0.618590752652784	0.21056425899900288	True	dev
711125660.7224.7224	derailed	1	9	0	0.0	0.0	False	dev
711731616.139482.139482	derailed	1	8	0	0.0	0.0	False	dev
714247674.24233.24233	derailed	1	11	0	0.0	0.0	False	dev
716604863.13587.13587	derailed	1	9	0	0.0	0.0	False	dev
71938184.5473.5473	derailed	1	7	7	0.8535779609918734	0.19742409491270912	True	dev
722912004.194226.194226	derailed	1	7	0	0.0	0.0	False	dev
72331946.9858.9858	civil	0	8	0	0.0	0.0	False	dev
724065997.948.948	civil	0	4	4	0.17579627	0.08263994125	True	dev
725906091.196990.196990	derailed	1	10	0	0.0	0.0	False	dev
72731776.22294.22294	derailed	1	9	0	0.0	0.0	False	dev
729187188.120833.120833	civil	0	8	0	0.0	0.0	False	dev
729802259.121325.121325	derailed	1	6	0	0.0	0.0	False	dev
729922224.132636.132636	civil	0	6	0	0.0	0.0	False	dev
730178616.16748.16748	derailed	1	11	0	0.0	0.0	False	dev
73456666.17206.17206	civil	0	7	7	0.031243864	0.015597933999999999	True	dev
736584451.26085.26085	civil	0	8	0	0.0	0.0	False	dev
737143120.40107.40107	derailed	1	9	0	0.0	0.0	False	dev
73716390.46468.46468	civil	0	6	0	0.0	0.0	False	dev
739302402.95921.95921	derailed	1	7	0	0.0	0.0	False	dev
739848987.130226.130226	civil	0	6	0	0.0	0.0	False	dev
741550112.19272.19272	derailed	1	9	0	0.0	0.0	False	dev
744911048.74260.74260	derailed	1	7	0	0.0	0.0	False	dev
744949047.2940.2940	civil	0	3	3	0.04877049206820934	0.032937583137012554	True	dev
746227036.84017.83951	civil	0	8	0	0.0	0.0	False	dev
747655393.17907.17979	civil	0	7	0	0.0	0.0	False	dev
748804994.464.467	derailed	1	10	0	0.0	0.0	False	dev
749304949.34495.34495	derailed	1	7	0	0.0	0.0	False	dev
750045303.8424.8424	derailed	1	11	0	0.0	0.0	False	dev
751171252.53171.53171	civil	0	9	0	0.0	0.0	False	dev
751667436.42817.42817	derailed	1	10	0	0.0	0.0	False	dev
75181889.46679.46679	civil	0	7	0	0.0	0.0	False	dev
752274996.63962.63962	civil	0	11	0	0.0	0.0	False	dev
759366344.121.121	derailed	1	11	0	0.0	0.0	False	dev
762297693.2786.2786	civil	0	10	0	0.0	0.0	False	dev
766284161.49667.49667	civil	0	7	0	0.0	0.0	False	dev
767573928.1430.1430	derailed	1	5	5	0.7453274000000001	0.23544372	True	dev
76965487.25335.25335	civil	0	6	0	0.0	0.0	False	dev
771534840.6394.6394	derailed	1	4	4	0.7835349841235552	0.29230402116876564	True	dev
773640871.23773.23773	derailed	1	10	0	0.0	0.0	False	dev
77456670.9786.9786	derailed	1	7	0	0.0	0.0	False	dev
775930869.36.36	civil	0	8	0	0.0	0.0	False	dev
776738307.2824.2824	derailed	1	7	0	0.0	0.0	False	dev
783948415.29951.29951	civil	0	7	0	0.0	0.0	False	dev
784164848.62989.62973	derailed	1	7	0	0.0	0.0	False	dev
787248221.22881.22881	civil	0	9	0	0.0	0.0	False	dev
789678167.1694.1694	civil	0	9	0	0.0	0.0	False	dev
79134833.6825.6825	civil	0	4	4	0.3716144	0.11952978125	True	dev
79147536.9372.9372	derailed	1	8	0	0.0	0.0	False	dev
79184445.17659.17659	derailed	1	9	0	0.0	0.0	False	dev
79591813.7867.7867	civil	0	6	0	0.0	0.0	False	dev
799071176.22800.22800	derailed	1	10	0	0.0	0.0	False	dev
7991328.294.294	derailed	1	10	0	0.0	0.0	False	dev
800620408.250543.250543	civil	0	8	0	0.0	0.0	False	dev
801046720.38556.38556	civil	0	6	0	0.0	0.0	False	dev
803512651.147455.147455	derailed	1	6	0	0.0	0.0	False	dev
80388611.47047.46464	derailed	1	9	0	0.0	0.0	False	dev
804322320.32835.32835	derailed	1	7	0	0.0	0.0	False	dev
805897326.21785.21785	civil	0	6	0	0.0	0.0	False	dev
80747365.169272.169272	derailed	1	8	0	0.0	0.0	False	dev
808743531.11275.11275	derailed	1	10	0	0.0	0.0	False	dev
81794729.4185.4127	civil	0	3	3	0.11935713111472306	0.09609478932331887	True	dev
822299164.18691.18691	derailed	1	9	0	0.0	0.0	False	dev
82382847.11133.11133	civil	0	7	0	0.0	0.0	False	dev
825198230.3100.3100	derailed	1	7	0	0.0	0.0	False	dev
828706635.6952.6952	civil	0	9	0	0.0	0.0	False	dev
830484289.34159.33530	derailed	1	10	0	0.0	0.0	False	dev
83202836.3325.3325	civil	0	4	4	0.07481763875138336	0.061740377199853806	True	dev
832936688.6229.6229	derailed	1	7	0	0.0	0.0	False	dev
833164071.83369.83369	derailed	1	8	0	0.0	0.0	False	dev
835374269.17465.17465	derailed	1	9	0	0.0	0.0	False	dev
84113267.244.244	civil	0	7	0	0.0	0.0	False	dev
84200802.100469.100469	derailed	1	6	0	0.0	0.0	False	dev
842659137.32798.32798	derailed	1	8	0	0.0	0.0	False	dev
84642620.14297.14297	derailed	1	6	6	0.0	0.0	True	dev
8472371.93914.93914	derailed	1	11	0	0.0	0.0	False	dev
85944267.24031.24031	derailed	1	9	0	0.0	0.0	False	dev
86106628.7532.7532	civil	0	6	6	0.07728824	0.03617352533333333	True	dev
87099655.27992.27690	civil	0	6	0	0.0	0.0	False	dev
87198949.1095.1095	civil	0	6	0	0.0	0.0	False	dev
87225418.29847.29847	derailed	1	6	6	0.0	0.0	True	dev
87289274.12860.12860	civil	0	9	0	0.0	0.0	False	dev
87440060.8494.8494	derailed	1	6	0	0.0	0.0	False	dev
89045803.11389.11389	civil	0	4	4	0.11793114	0.05754306000000001	True	dev
89721862.11413.11413	civil	0	6	0	0.0	0.0	False	dev
90177960.14744.14744	derailed	1	6	0	0.0	0.0	False	dev
90825950.8127.8127	derailed	1	5	5	0.9086175	0.2610198936	True	dev
90992752.10026.10026	civil	0	5	5	0.56086254	0.1551265976	True	dev
92960315.5680.5680	civil	0	5	5	0.0	0.0	True	dev
93242288.2108.2108	civil	0	5	5	0.2780736755616017	0.14633290538973123	True	dev
9392399.4963.4963	derailed	1	9	0	0.0	0.0	False	dev
9400564.1694.1694	civil	0	11	0	0.0	0.0	False	dev
96572304.14805.14805	civil	0	4	4	0.020031301	0.011430521	True	dev
9757140.623.623	civil	0	7	0	0.0	0.0	False	dev
99829293.15771.15771	civil	0	6	0	0.0	0.0	False	dev
10032603.75098.75098	civil	0	6	0	0.0	0.0	False	test
100646530.28762.28762	derailed	1	6	0	0.0	0.0	False	test
102390554.518.518	derailed	1	7	0	0.0	0.0	False	test
104289055.68565.68565	derailed	1	4	4	0.64452356	0.290328005	True	test
105348748.104.104	civil	0	8	0	0.0	0.0	False	test
105940061.1753.1753	derailed	1	8	8	0.7888728	0.11242673646250001	True	test
106097715.8104.8104	civil	0	4	4	0.29246053	0.1436676325	True	test
10749910.44464.44464	derailed	1	9	0	0.0	0.0	False	test
108309135.0.0	derailed	1	10	10	0.60898906	0.12501212769999998	True	test
109266893.1218.1218	civil	0	4	4	0.15943567	0.05755959175	True	test
109562615.10646.10646	civil	0	8	0	0.0	0.0	False	test
109626944.13153.13153	derailed	1	7	0	0.0	0.0	False	test
110247180.25620.25620	civil	0	6	0	0.0	0.0	False	test
110260019.134313.134313	derailed	1	8	0	0.0	0.0	False	test
111452484.5860.5860	civil	0	4	4	0.18827693	0.1310736975	True	test
11226438.3851.3789	derailed	1	6	0	0.0	0.0	False	test
112610040.70740.70740	civil	0	17	17	0.30136022	0.09218533870588234	True	test
115118716.11604.11604	civil	0	9	0	0.0	0.0	False	test
115714240.17316.17316	derailed	1	8	0	0.0	0.0	False	test
11827530.53683.53683	derailed	1	9	0	0.0	0.0	False	test
120623009.34593.35467	derailed	1	6	0	0.0	0.0	False	test
120755140.59696.58124	derailed	1	6	0	0.0	0.0	False	test
12167159.136543.136543	civil	0	8	0	0.0	0.0	False	test
122186872.0.0	civil	0	8	0	0.0	0.0	False	test
123267563.7197.7197	civil	0	8	8	0.30123610750573804	0.11286081677551246	True	test
123707784.1822.1822	derailed	1	7	0	0.0	0.0	False	test
123858261.57301.52065	derailed	1	7	0	0.0	0.0	False	test
125604776.5981.5981	civil	0	8	0	0.0	0.0	False	test
125984134.3593.3593	derailed	1	10	0	0.0	0.0	False	test
126317499.28727.28727	civil	0	5	5	0.33481609999999995	0.1545522326	True	test
127296808.516.516	civil	0	4	4	0.16733779999999998	0.075582365	True	test
128593760.5542.5542	derailed	1	3	3	0.7009271	0.3360284666666667	True	test
130406990.30183.30183	civil	0	8	0	0.0	0.0	False	test
131670830.3476.3476	derailed	1	4	4	0.644523548297	0.19786748424466782	True	test
132106879.63767.63767	derailed	1	6	0	0.0	0.0	False	test
132479127.13408.13408	derailed	1	7	0	0.0	0.0	False	test
132829693.152766.152766	civil	0	10	0	0.0	0.0	False	test
133174486.4739.4739	civil	0	5	5	0.10305744162943764	0.055711640761142725	True	test
133521396.42249.42249	derailed	1	6	0	0.0	0.0	False	test
13364617.0.0	derailed	1	10	0	0.0	0.0	False	test
13426533.3828.3558	civil	0	7	0	0.0	0.0	False	test
134339265.217.217	civil	0	4	4	0.21254503648717826	0.07811637105430386	True	test
134531717.53898.53898	derailed	1	9	0	0.0	0.0	False	test
135048926.41980.41980	civil	0	4	4	0.14744264	0.07707392625000001	True	test
13565937.66554.66554	civil	0	10	0	0.0	0.0	False	test
135696672.6100.6100	derailed	1	4	4	0.644523548297	0.2106575254244838	True	test
136312321.4971.4971	civil	0	8	0	0.0	0.0	False	test
13690319.3754.3754	civil	0	11	0	0.0	0.0	False	test
13753778.60887.60887	derailed	1	8	0	0.0	0.0	False	test
13760425.74698.74698	civil	0	4	4	0.055876527	0.026139119250000002	True	test
139407294.103416.103416	derailed	1	7	0	0.0	0.0	False	test
141822930.32979.32979	derailed	1	7	0	0.0	0.0	False	test
14210228.110091.110091	civil	0	11	0	0.0	0.0	False	test
143311144.445.445	derailed	1	8	0	0.0	0.0	False	test
143548887.1630.1630	civil	0	7	7	0.15733449	0.09433052714285715	True	test
144527977.38033.38186	derailed	1	8	0	0.0	0.0	False	test
14534277.33391.33391	civil	0	7	0	0.0	0.0	False	test
145647560.8711.8711	civil	0	9	0	0.0	0.0	False	test
146397004.6583.6583	civil	0	9	9	0.1901358	0.08299157011111111	True	test
147033805.6582.6582	derailed	1	11	0	0.0	0.0	False	test
14852952.22064.22064	civil	0	6	0	0.0	0.0	False	test
152516074.22705.22705	civil	0	4	4	0.068474375	0.0341345345	True	test
153067091.453.0	derailed	1	11	11	0.8071239	0.14707195918181817	True	test
153522188.57657.57657	derailed	1	9	0	0.0	0.0	False	test
154607149.54136.54136	civil	0	6	0	0.0	0.0	False	test
155205782.15822.15822	derailed	1	8	8	0.7758741258740001	0.1845689299362156	True	test
156800986.37708.37708	derailed	1	12	12	0.9597596	0.21775648783333335	True	test
156818464.18.18	derailed	1	8	0	0.0	0.0	False	test
157555727.5928.5928	civil	0	8	0	0.0	0.0	False	test
158507313.5881.5881	derailed	1	6	6	0.84205735	0.21555141416666668	True	test
159670819.4392.4392	derailed	1	4	4	0.78130203	0.2505216565	True	test
160083042.10242.10242	civil	0	6	0	0.0	0.0	False	test
160271886.5268.0	civil	0	10	0	0.0	0.0	False	test
161437291.26724.26724	civil	0	6	0	0.0	0.0	False	test
1631073.0.0	civil	0	6	0	0.0	0.0	False	test
163175449.27490.27490	civil	0	9	0	0.0	0.0	False	test
1646687.2951.2951	derailed	1	6	0	0.0	0.0	False	test
165037523.13029.13029	civil	0	8	0	0.0	0.0	False	test
165051843.19367.19367	civil	0	10	0	0.0	0.0	False	test
165213044.1431.1431	derailed	1	4	4	0.7682318921160001	0.31302353839181163	True	test
168255106.71053.71053	civil	0	9	0	0.0	0.0	False	test
168710659.62.62	civil	0	5	5	0.12156591	0.071378932	True	test
169430432.76133.76133	civil	0	6	0	0.0	0.0	False	test
169532015.14003.14003	derailed	1	5	5	0.91748375	0.27313849	True	test
170029700.150171.150171	derailed	1	10	0	0.0	0.0	False	test
170394417.39809.39809	civil	0	6	0	0.0	0.0	False	test
175771808.17092.17092	derailed	1	9	0	0.0	0.0	False	test
180183205.13067.13067	derailed	1	7	0	0.0	0.0	False	test
18027292.2302.2302	derailed	1	9	0	0.0	0.0	False	test
180889810.70951.70951	derailed	1	6	0	0.0	0.0	False	test
181303194.26473.26473	derailed	1	7	0	0.0	0.0	False	test
18170758.189.189	derailed	1	6	0	0.0	0.0	False	test
18249689.74456.74456	civil	0	7	0	0.0	0.0	False	test
183625284.22030.22030	civil	0	3	3	0.2248320257923271	0.1827129252239784	True	test
183805725.11478.11478	derailed	1	6	0	0.0	0.0	False	test
18425691.15538.15538	civil	0	6	0	0.0	0.0	False	test
186167857.37028.37028	derailed	1	11	0	0.0	0.0	False	test
186357106.20033.20033	derailed	1	9	0	0.0	0.0	False	test
187051677.3504.3504	civil	0	6	6	0.35201988	0.11131803516666666	True	test
187593891.16260.16260	derailed	1	13	13	0.6088653	0.15036686915384617	True	test
188050038.981.981	derailed	1	7	7	0.876137641081	0.20539925465830405	True	test
189248695.46268.46268	derailed	1	7	0	0.0	0.0	False	test
19004798.75194.75194	civil	0	7	0	0.0	0.0	False	test
190740331.1181.1181	derailed	1	7	7	0.7791022226252023	0.19108197514541647	True	test
192455483.214686.214686	derailed	1	9	0	0.0	0.0	False	test
193002106.7341.7341	derailed	1	7	7	0.82595015	0.2591078592857143	True	test
19306968.47514.47514	civil	0	6	6	0.20727175	0.08060745033333333	True	test
193471563.269937.269937	civil	0	6	0	0.0	0.0	False	test
193787824.11038.11038	derailed	1	7	0	0.0	0.0	False	test
194122017.19795.19795	civil	0	6	0	0.0	0.0	False	test
19427256.487.487	derailed	1	4	4	0.64452356	0.2220547775	True	test
194985090.322380.322380	civil	0	10	0	0.0	0.0	False	test
195228045.6414.6414	civil	0	7	0	0.0	0.0	False	test
195324363.37997.37997	civil	0	8	0	0.0	0.0	False	test
195667280.1692.1692	derailed	1	5	5	0.6771105	0.1774107226	True	test
19578978.276.276	civil	0	7	0	0.0	0.0	False	test
19684369.2550.2550	civil	0	8	0	0.0	0.0	False	test
197763869.41772.41772	derailed	1	6	0	0.0	0.0	False	test
201376388.56.56	derailed	1	10	0	0.0	0.0	False	test
204194977.6271.6271	civil	0	5	5	0.0	0.0	True	test
204198724.11060.11060	derailed	1	7	0	0.0	0.0	False	test
204280520.222161.222161	derailed	1	6	0	0.0	0.0	False	test
204933092.19125.19125	civil	0	9	0	0.0	0.0	False	test
20532629.14610.14610	civil	0	10	10	0.015923133	0.008815085499999998	True	test
205490775.575.575	derailed	1	7	0	0.0	0.0	False	test
205710474.27731.27731	derailed	1	6	6	0.7799598018302273	0.1892934139580965	True	test
207007491.3930.2866	civil	0	8	0	0.0	0.0	False	test
208579247.88911.88911	derailed	1	7	0	0.0	0.0	False	test
208823776.20711.20711	civil	0	8	0	0.0	0.0	False	test
209122887.102328.102328	derailed	1	11	0	0.0	0.0	False	test
209226262.83702.83702	derailed	1	11	0	0.0	0.0	False	test
209412721.18687.18687	civil	0	10	0	0.0	0.0	False	test
210315902.125007.125007	derailed	1	9	0	0.0	0.0	False	test
210395072.46162.46162	civil	0	7	0	0.0	0.0	False	test
211681199.79782.78051	civil	0	6	0	0.0	0.0	False	test
211715663.85849.85849	derailed	1	8	0	0.0	0.0	False	test
21203243.49.2	derailed	1	5	5	0.8534805	0.25011865920000004	True	test
212167080.357339.357339	civil	0	13	0	0.0	0.0	False	test
212558448.2749.2749	civil	0	8	0	0.0	0.0	False	test
212972641.10441.10441	civil	0	4	4	0.12622198637033866	0.06717577307444457	True	test
217259988.29225.29225	derailed	1	6	0	0.0	0.0	False	test
218472270.53804.53804	civil	0	7	0	0.0	0.0	False	test
218968771.81560.81560	derailed	1	7	0	0.0	0.0	False	test
219032031.42446.42446	derailed	1	7	0	0.0	0.0	False	test
219056579.4294.3763	civil	0	4	4	0.30021469334092354	0.1937823314131179	True	test
21968107.6026.6026	derailed	1	7	0	0.0	0.0	False	test
219719525.2602.2602	derailed	1	6	6	0.8115899000000001	0.2399259821666667	True	test
221353176.74262.74262	civil	0	7	0	0.0	0.0	False	test
223228036.100914.100914	derailed	1	8	0	0.0	0.0	False	test
224521275.632426.632426	civil	0	7	0	0.0	0.0	False	test
22501161.683.683	civil	0	4	4	0.06824039	0.036315913000000005	True	test
225655655.17055.17055	derailed	1	8	0	0.0	0.0	False	test
225915818.10272.10272	derailed	1	5	5	0.0	0.0	True	test
225915818.10413.10413	derailed	1	5	5	0.76823187	0.222367723	True	test
22614773.1438.1438	derailed	1	7	0	0.0	0.0	False	test
226406744.123089.123089	civil	0	6	0	0.0	0.0	False	test
226534237.12302.12302	civil	0	4	4	0.14160971	0.065176705	True	test
226548499.65141.65141	derailed	1	6	0	0.0	0.0	False	test
227540286.8723.8723	civil	0	8	0	0.0	0.0	False	test
229002613.333487.333487	derailed	1	11	0	0.0	0.0	False	test
230801127.6228.6228	derailed	1	8	8	0.60287905	0.17763561175	True	test
233987995.3385.3385	derailed	1	6	0	0.0	0.0	False	test
235345753.3081.3081	civil	0	7	7	0.07855133	0.04426646014285714	True	test
235886073.7597.7597	derailed	1	7	0	0.0	0.0	False	test
237027663.10105.10105	civil	0	6	0	0.0	0.0	False	test
238516602.70197.70197	civil	0	6	0	0.0	0.0	False	test
238903069.69618.69618	derailed	1	11	0	0.0	0.0	False	test
238913081.21606.21606	civil	0	4	4	0.015952156999999998	0.008923015999999999	True	test
240324168.44.44	civil	0	8	0	0.0	0.0	False	test
240678384.19293.19293	derailed	1	10	0	0.0	0.0	False	test
241583457.39095.39095	civil	0	8	0	0.0	0.0	False	test
241764483.101294.101294	derailed	1	4	4	0.6771105	0.2057557225	True	test
245045696.12108.12108	derailed	1	7	0	0.0	0.0	False	test
247116741.351584.351584	derailed	1	6	0	0.0	0.0	False	test
247464279.251399.251399	civil	0	8	0	0.0	0.0	False	test
249755682.28951.28951	civil	0	7	0	0.0	0.0	False	test
25108429.60206.60206	civil	0	6	0	0.0	0.0	False	test
251209633.1236.1236	derailed	1	5	5	0.7682318921160001	0.2303760336146377	True	test
253033903.60574.60574	civil	0	9	0	0.0	0.0	False	test
25363783.116650.116650	civil	0	7	0	0.0	0.0	False	test
254992260.4767.4767	derailed	1	7	7	0.8592684816058234	0.227061708141294	True	test
257090205.52361.52019	civil	0	6	0	0.0	0.0	False	test
257345354.22701.22701	derailed	1	6	0	0.0	0.0	False	test
258343447.8293.8293	derailed	1	6	6	0.8472771000000001	0.22833298500000002	True	test
258618213.18661.18661	derailed	1	7	0	0.0	0.0	False	test
26011961.18032.18032	derailed	1	7	0	0.0	0.0	False	test
260226312.867.867	civil	0	4	4	0.24430324	0.1544415125	True	test
2605625.20696.20690	derailed	1	6	0	0.0	0.0	False	test
264999781.49756.49756	civil	0	9	0	0.0	0.0	False	test
265742205.9575.9575	civil	0	6	0	0.0	0.0	False	test
267409267.35674.35674	derailed	1	6	0	0.0	0.0	False	test
267517099.1031.0	civil	0	8	0	0.0	0.0	False	test
2677822.337.285	derailed	1	7	0	0.0	0.0	False	test
268808866.58489.58489	civil	0	6	0	0.0	0.0	False	test
269673013.128410.128410	civil	0	8	0	0.0	0.0	False	test
271266337.66158.66158	derailed	1	9	9	0.60783094	0.1732561728888889	True	test
27238328.42366.42366	derailed	1	8	0	0.0	0.0	False	test
273484825.113387.113387	civil	0	8	0	0.0	0.0	False	test
273630609.83017.83017	derailed	1	7	0	0.0	0.0	False	test
274481213.24594.24594	derailed	1	7	7	0.64452356	0.1988654237142857	True	test
274675523.36205.36205	derailed	1	9	0	0.0	0.0	False	test
275497018.36135.36135	civil	0	9	0	0.0	0.0	False	test
275731885.9324.9324	civil	0	8	0	0.0	0.0	False	test
276059233.473.473	derailed	1	15	15	0.82595015	0.18332358773333335	True	test
276381374.499.499	civil	0	6	0	0.0	0.0	False	test
27733774.39983.39983	derailed	1	4	4	0.6597508000000001	0.27282267250000003	True	test
277503669.19972.19972	civil	0	4	4	0.07422282	0.026645759074999997	True	test
277541613.24558.24558	civil	0	6	0	0.0	0.0	False	test
279227265.8229.8229	derailed	1	7	0	0.0	0.0	False	test
28436705.653.653	derailed	1	4	4	0.9718032	0.292389744	True	test
285177215.31810.31810	derailed	1	6	0	0.0	0.0	False	test
28576936.251426.251426	derailed	1	11	0	0.0	0.0	False	test
286788087.9958.9958	civil	0	5	5	0.19210333	0.13529542	True	test
286868476.110759.110759	derailed	1	7	0	0.0	0.0	False	test
28692327.69932.69932	civil	0	7	0	0.0	0.0	False	test
288471421.7538.7538	derailed	1	7	0	0.0	0.0	False	test
291678883.44803.44803	civil	0	7	0	0.0	0.0	False	test
292169261.38037.37935	derailed	1	6	0	0.0	0.0	False	test
292889541.104059.104059	derailed	1	8	0	0.0	0.0	False	test
293936006.74518.74518	derailed	1	8	0	0.0	0.0	False	test
29397466.22319.22319	civil	0	10	0	0.0	0.0	False	test
2944595.3783.3783	civil	0	7	0	0.0	0.0	False	test
295446996.20932.20932	civil	0	4	4	0.1388094	0.053240161	True	test
295764543.30964.30964	derailed	1	6	0	0.0	0.0	False	test
298072488.25962.25962	civil	0	7	0	0.0	0.0	False	test
2983900.12105.12105	civil	0	7	0	0.0	0.0	False	test
298502334.9377.9377	civil	0	7	0	0.0	0.0	False	test
298632259.93220.93220	derailed	1	10	0	0.0	0.0	False	test
2989029.42.0	civil	0	8	0	0.0	0.0	False	test
300874517.2367.2367	civil	0	4	4	0.019174665	0.007516626825	True	test
30121908.22504.22504	civil	0	6	0	0.0	0.0	False	test
301686709.2228.2228	civil	0	4	4	0.13623108	0.06410479575	True	test
304324057.6537.6537	derailed	1	6	6	0.7009271007619999	0.20766645293315011	True	test
304918542.0.0	civil	0	5	5	0.120809354	0.07395016759999999	True	test
305216336.77708.77708	civil	0	11	0	0.0	0.0	False	test
305356656.146327.146327	civil	0	7	0	0.0	0.0	False	test
305608055.81470.81470	derailed	1	7	0	0.0	0.0	False	test
30612203.45979.45979	civil	0	6	0	0.0	0.0	False	test
306471894.3660.3660	derailed	1	4	4	0.9306152	0.323938615	True	test
30650634.10461.10461	derailed	1	9	0	0.0	0.0	False	test
307307626.5085.5085	civil	0	6	0	0.0	0.0	False	test
30766025.100936.100936	derailed	1	9	0	0.0	0.0	False	test
307806624.18684.18684	civil	0	6	0	0.0	0.0	False	test
308410386.34141.34141	derailed	1	8	0	0.0	0.0	False	test
309820950.149611.149611	derailed	1	10	0	0.0	0.0	False	test
312205305.4849.4849	derailed	1	8	0	0.0	0.0	False	test
314540585.6679.6679	civil	0	4	4	0.05327701	0.028824682750000004	True	test
314569534.89579.89579	civil	0	12	0	0.0	0.0	False	test
315674191.90751.90751	civil	0	7	0	0.0	0.0	False	test
316487596.498.498	civil	0	7	0	0.0	0.0	False	test
317880682.110580.110580	civil	0	6	0	0.0	0.0	False	test
319027383.10868.10868	civil	0	4	4	0.13498288	0.0862788125	True	test
321067413.20631.20631	derailed	1	10	0	0.0	0.0	False	test
323121231.41167.41167	civil	0	6	0	0.0	0.0	False	test
323279527.11312.11312	derailed	1	5	5	0.8761376000000001	0.20895814920000003	True	test
325534919.46237.46237	derailed	1	9	0	0.0	0.0	False	test
32650250.3724.3724	civil	0	7	0	0.0	0.0	False	test
326827733.118349.118349	civil	0	9	0	0.0	0.0	False	test
327844127.9440.9440	civil	0	10	0	0.0	0.0	False	test
329379543.16.16	civil	0	9	9	0.15216455	0.06126600311111111	True	test
329982461.421.421	civil	0	4	4	0.0	0.0	True	test
333710387.1007.1007	civil	0	6	0	0.0	0.0	False	test
334364638.45728.45728	civil	0	6	0	0.0	0.0	False	test
33441878.11516.11516	derailed	1	4	4	0.7116814	0.2661076625	True	test
335630795.5362.5362	derailed	1	11	11	0.7573525999999999	0.13065605827272728	True	test
336792863.10323.10323	civil	0	8	8	0.2325114	0.084962523125	True	test
337334043.2272.2272	civil	0	8	0	0.0	0.0	False	test
337479181.2630.2630	derailed	1	4	4	0.6154624868989885	0.26906223318878425	True	test
340143345.87989.87989	derailed	1	10	0	0.0	0.0	False	test
340536151.101646.101646	derailed	1	11	0	0.0	0.0	False	test
341775060.107999.107999	derailed	1	6	0	0.0	0.0	False	test
342462912.7085.7085	derailed	1	6	6	0.8993489408686973	0.26838551043872255	True	test
344594957.5675.5677	civil	0	4	4	0.21574060727423136	0.17647925199982809	True	test
348963045.4017.4017	derailed	1	6	6	0.9511090617292282	0.25341388027784634	True	test
351302725.5108.5108	derailed	1	5	5	0.98662	0.22871526339999998	True	test
351432768.1226.1226	civil	0	4	4	0.3699980535528647	0.1661137907583941	True	test
351794186.44222.44222	derailed	1	8	0	0.0	0.0	False	test
354151987.13637.13637	civil	0	4	4	0.12333529	0.0550742935	True	test
355202354.116769.116769	civil	0	6	0	0.0	0.0	False	test
356508931.24027.24027	derailed	1	4	4	0.8534030999999999	0.3480130025	True	test
356860396.2753.2753	derailed	1	4	4	0.6278625	0.2417428125	True	test
357620024.6128.6128	civil	0	6	6	0.18833533	0.07071357966666666	True	test
358121367.12559.12559	derailed	1	4	4	0.7009271007619999	0.1893838712565075	True	test
358246015.45832.45832	civil	0	8	0	0.0	0.0	False	test
358849000.16960.16960	derailed	1	6	0	0.0	0.0	False	test
358888060.4228.4228	derailed	1	7	0	0.0	0.0	False	test
35935693.0.0	civil	0	6	0	0.0	0.0	False	test
359999548.28247.28247	civil	0	10	0	0.0	0.0	False	test
361918866.21087.21087	civil	0	4	4	0.06927693	0.034942228500000005	True	test
361954599.34.34	civil	0	6	0	0.0	0.0	False	test
365329007.12701.12701	civil	0	6	0	0.0	0.0	False	test
365380186.99525.99525	derailed	1	9	0	0.0	0.0	False	test
366405863.2894.2894	derailed	1	4	4	0.876137641081	0.3011142183737494	True	test
367161417.48862.48862	derailed	1	7	0	0.0	0.0	False	test
368048281.168900.168900	derailed	1	10	0	0.0	0.0	False	test
369364797.48641.48641	derailed	1	6	0	0.0	0.0	False	test
369450644.10668.10668	derailed	1	6	0	0.0	0.0	False	test
369856116.1255.1255	derailed	1	4	4	0.7009271007619999	0.23290778031242382	True	test
371804001.43122.43122	derailed	1	8	0	0.0	0.0	False	test
372297349.314.314	derailed	1	7	0	0.0	0.0	False	test
372526015.144895.144895	civil	0	9	0	0.0	0.0	False	test
373143411.24663.24663	civil	0	4	4	0.23754409	0.0955404625	True	test
373246019.1696.1696	civil	0	8	8	0.056217538266702255	0.04403114348775024	True	test
376023066.13824.13824	derailed	1	6	6	0.6771105	0.1917327825	True	test
376289226.2495.2495	derailed	1	7	7	0.644523548297	0.26177682862793705	True	test
377230704.23983.23983	derailed	1	6	0	0.0	0.0	False	test
378351915.65200.65200	derailed	1	6	0	0.0	0.0	False	test
381818489.12094.12094	civil	0	6	6	0.35268846	0.17117191466666667	True	test
38457262.126116.126116	civil	0	6	0	0.0	0.0	False	test
385094460.21968.21968	derailed	1	7	7	0.6771105	0.1769934657142857	True	test
386464525.11029.11029	derailed	1	5	5	0.6349090000000001	0.31952450800000004	True	test
386488782.12704.12704	civil	0	7	7	0.054882813	0.03274836642857143	True	test
387118463.11252.11252	civil	0	5	5	0.10265487	0.05043971579999999	True	test
388056181.22504.22504	civil	0	8	0	0.0	0.0	False	test
389978669.2851.2851	derailed	1	7	7	0.9027101	0.16195641685714285	True	test
392977706.44668.44668	civil	0	4	4	0.12948902	0.06718884124999999	True	test
393515086.4868.4868	civil	0	6	6	0.06943273	0.03498003	True	test
395880529.101057.101057	civil	0	10	0	0.0	0.0	False	test
397493035.48084.48084	derailed	1	7	0	0.0	0.0	False	test
397534423.3736.3736	civil	0	4	4	0.0902982	0.05716319	True	test
397617990.24120.24120	civil	0	4	4	0.3889421	0.11416852425	True	test
398178843.27657.27657	civil	0	6	0	0.0	0.0	False	test
399601154.24833.24676	civil	0	7	0	0.0	0.0	False	test
400155308.20046.20046	derailed	1	8	0	0.0	0.0	False	test
402776204.3087.3087	civil	0	12	0	0.0	0.0	False	test
404736403.128655.128655	derailed	1	6	0	0.0	0.0	False	test
40517846.755.755	civil	0	8	0	0.0	0.0	False	test
406154473.3081.3081	derailed	1	10	10	0.60783094	0.11534612330000002	True	test
40742008.209189.209184	derailed	1	10	0	0.0	0.0	False	test
407511340.101821.101821	civil	0	6	0	0.0	0.0	False	test
408188084.17839.17839	derailed	1	6	6	0.7869267	0.1822510405	True	test
408841323.14594.14594	derailed	1	3	3	0.92521816	0.33265004133333337	True	test
410100893.27892.27892	civil	0	4	4	0.10392381	0.04397061175	True	test
410756102.61051.61051	civil	0	4	4	0.09661755	0.050122323499999996	True	test
411006545.5393.5393	derailed	1	3	3	0.8393921522762618	0.30593763547689895	True	test
412404062.29625.29625	civil	0	7	0	0.0	0.0	False	test
414369732.8146.8146	civil	0	5	5	0.21514307	0.0680008588	True	test
416087741.8647.8647	derailed	1	6	6	0.67711049373	0.14283718935699138	True	test
416906713.13040.13040	derailed	1	6	6	0.76589525	0.1833905071666667	True	test
418154474.29254.29254	civil	0	9	0	0.0	0.0	False	test
418301485.10.0	derailed	1	5	5	0.73544264	0.2106024128	True	test
418371855.87041.87041	civil	0	8	0	0.0	0.0	False	test
420202811.1349.1349	derailed	1	5	5	0.8538952193825422	0.22181202803357009	True	test
420988468.68104.68104	derailed	1	6	0	0.0	0.0	False	test
422521539.485.485	civil	0	6	0	0.0	0.0	False	test
422588276.4880.4880	derailed	1	6	0	0.0	0.0	False	test
423264134.16010.16010	civil	0	7	7	0.30071446	0.07730939057142858	True	test
424235921.194.194	civil	0	4	4	0.13810375	0.05494736225	True	test
426285987.9363.9363	civil	0	7	0	0.0	0.0	False	test
427144172.5631.5631	derailed	1	7	7	0.7009271	0.18759968014285716	True	test
427518180.34356.34356	civil	0	11	0	0.0	0.0	False	test
42971987.255851.255851	derailed	1	6	0	0.0	0.0	False	test
429783389.120499.120499	derailed	1	7	0	0.0	0.0	False	test
431560207.37796.37796	civil	0	6	0	0.0	0.0	False	test
433632295.20537.20537	civil	0	7	0	0.0	0.0	False	test
433814085.6616.6616	derailed	1	4	4	0.7009271007619999	0.22326537748018338	True	test
437696216.21173.21173	derailed	1	6	0	0.0	0.0	False	test
43869184.34604.34604	civil	0	4	4	0.21509154	0.09121354825	True	test
44473697.13334.13334	derailed	1	5	5	0.7345088000000001	0.258419986	True	test
446537979.4003.4003	civil	0	4	4	0.10926652	0.06479963	True	test
446966206.37683.37683	derailed	1	11	0	0.0	0.0	False	test
448205040.3432.3432	civil	0	5	5	0.077856235	0.0300006714	True	test
44828642.35766.35766	derailed	1	5	5	0.6812919842093819	0.1946040197163425	True	test
448449304.24597.24597	derailed	1	5	5	0.77285767	0.223312446	True	test
449243992.221612.221612	derailed	1	8	0	0.0	0.0	False	test
450408204.229018.229018	civil	0	8	0	0.0	0.0	False	test
451994623.150371.150371	derailed	1	11	0	0.0	0.0	False	test
454407975.1232.1232	civil	0	4	4	0.1122121	0.04823963375	True	test
454574584.2270.2270	civil	0	8	8	0.19375817	0.12439289775000001	True	test
454936445.7925.7925	derailed	1	7	7	0.0	0.0	True	test
45637553.11402.11402	derailed	1	6	6	0.73462456	0.18458636566666667	True	test
457425403.44536.44536	derailed	1	8	0	0.0	0.0	False	test
45840287.7863.7863	civil	0	7	7	0.38392332	0.2141099247142857	True	test
459273534.9845.9845	civil	0	8	0	0.0	0.0	False	test
459365994.111038.111038	civil	0	7	0	0.0	0.0	False	test
45940906.59600.59600	derailed	1	8	0	0.0	0.0	False	test
463673734.2155.2155	civil	0	5	5	0.05093534	0.021108819600000002	True	test
464097540.209570.209570	civil	0	10	0	0.0	0.0	False	test
464687691.6611.6611	civil	0	5	5	0.14625072	0.0796962742	True	test
465818545.11053.11053	civil	0	6	0	0.0	0.0	False	test
470762719.4827.4827	civil	0	8	0	0.0	0.0	False	test
47334370.196284.196284	derailed	1	8	0	0.0	0.0	False	test
473875860.3687.3687	derailed	1	10	0	0.0	0.0	False	test
476864822.15197.15197	civil	0	11	0	0.0	0.0	False	test
476994508.410.410	derailed	1	4	4	0.6078309692670001	0.2955144818442753	True	test
477048015.11971.11971	derailed	1	7	7	0.7009271007619999	0.15204741851651324	True	test
478585235.181902.181902	civil	0	8	0	0.0	0.0	False	test
478875725.6789.6789	civil	0	7	0	0.0	0.0	False	test
484028828.42755.42755	civil	0	8	0	0.0	0.0	False	test
485783822.91973.91973	civil	0	12	0	0.0	0.0	False	test
487542576.118295.118295	derailed	1	11	0	0.0	0.0	False	test
489362680.17475.17475	derailed	1	5	5	0.8456102525285097	0.2279305211769759	True	test
490016260.43626.43626	derailed	1	7	0	0.0	0.0	False	test
494489047.18738.18738	civil	0	6	0	0.0	0.0	False	test
496512192.85418.85418	civil	0	6	0	0.0	0.0	False	test
49978241.22383.22383	civil	0	4	4	0.17216606	0.0765791425	True	test
50103235.0.0	derailed	1	8	0	0.0	0.0	False	test
501186627.16428.16428	civil	0	9	0	0.0	0.0	False	test
501948150.18731.18731	derailed	1	7	0	0.0	0.0	False	test
504782647.174372.174372	derailed	1	10	0	0.0	0.0	False	test
50793061.13577.13577	civil	0	6	0	0.0	0.0	False	test
508452035.869.869	derailed	1	8	0	0.0	0.0	False	test
50897983.70686.70686	civil	0	8	0	0.0	0.0	False	test
511824424.36946.36946	derailed	1	10	0	0.0	0.0	False	test
51278784.88548.88548	civil	0	6	0	0.0	0.0	False	test
513013737.27053.27053	civil	0	6	0	0.0	0.0	False	test
513868198.3527.3527	civil	0	4	4	0.06343446615107279	0.03617433780976586	True	test
516193359.114.114	derailed	1	4	4	0.610540571254299	0.24680961265667542	True	test
51908066.50154.50154	civil	0	6	0	0.0	0.0	False	test
5239818.17667.17667	derailed	1	7	0	0.0	0.0	False	test
525172544.28979.28979	civil	0	10	0	0.0	0.0	False	test
529139355.15074.15074	derailed	1	10	0	0.0	0.0	False	test
53009475.3394.3394	civil	0	6	6	0.3729758006015341	0.09005047372285017	True	test
532228297.3438.3438	derailed	1	6	0	0.0	0.0	False	test
533273009.1230.1230	civil	0	9	0	0.0	0.0	False	test
53559800.44580.44580	derailed	1	5	5	0.780521	0.249501232	True	test
53728164.10509.10509	civil	0	7	0	0.0	0.0	False	test
537838369.89063.89063	civil	0	6	0	0.0	0.0	False	test
53811095.3388.3388	derailed	1	6	0	0.0	0.0	False	test
538719962.3599.3599	derailed	1	11	0	0.0	0.0	False	test
54174419.18.18	derailed	1	6	0	0.0	0.0	False	test
543636460.3423.3423	derailed	1	7	7	0.7841099941471841	0.20137243168056587	True	test
545279933.166898.166898	civil	0	8	0	0.0	0.0	False	test
55327610.736.736	derailed	1	5	5	0.93967754	0.2138307396	True	test
553803264.38228.37585	derailed	1	7	0	0.0	0.0	False	test
554389863.3049.3049	derailed	1	4	4	0.9582555974017628	0.3260039046325896	True	test
554453136.3219.3219	civil	0	5	5	0.1732826540330502	0.08555579210775172	True	test
558712694.40961.40934	civil	0	12	0	0.0	0.0	False	test
558743851.187497.187497	derailed	1	6	0	0.0	0.0	False	test
559798913.52776.52762	derailed	1	9	0	0.0	0.0	False	test
55989082.1431.1431	derailed	1	4	4	0.0	0.0	True	test
560318870.14531.14531	civil	0	8	0	0.0	0.0	False	test
561916177.8281.8281	derailed	1	8	0	0.0	0.0	False	test
563789908.15538.15538	derailed	1	7	0	0.0	0.0	False	test
564095731.34708.34708	derailed	1	6	0	0.0	0.0	False	test
565548871.101061.101061	derailed	1	6	0	0.0	0.0	False	test
567569995.3063.3063	derailed	1	5	5	0.76823187	0.228375604	True	test
567687735.949.949	civil	0	5	5	0.0	0.0	True	test
56903840.7542.7542	derailed	1	6	0	0.0	0.0	False	test
570257895.66873.66873	civil	0	15	0	0.0	0.0	False	test
571451725.13073.13073	derailed	1	9	0	0.0	0.0	False	test
577596313.3419.3419	derailed	1	11	0	0.0	0.0	False	test
579030937.75388.75388	derailed	1	11	0	0.0	0.0	False	test
58059387.12350.12350	civil	0	6	0	0.0	0.0	False	test
58146829.2092.2092	civil	0	6	0	0.0	0.0	False	test
581866548.2807.2807	derailed	1	6	0	0.0	0.0	False	test
58329033.1681.1681	derailed	1	4	4	0.9433282061198288	0.287125290387474	True	test
586957526.124778.124770	derailed	1	8	0	0.0	0.0	False	test
587004049.134655.134655	civil	0	6	0	0.0	0.0	False	test
589173559.0.0	civil	0	5	5	0.29763746	0.1484586522	True	test
590439610.81177.81177	civil	0	8	0	0.0	0.0	False	test
593962760.54308.54308	civil	0	6	0	0.0	0.0	False	test
594612714.28751.28751	derailed	1	6	0	0.0	0.0	False	test
59830999.31824.31824	derailed	1	4	4	0.90539247	0.405783135	True	test
600023446.63480.63480	civil	0	9	0	0.0	0.0	False	test
601192270.29413.29353	derailed	1	11	0	0.0	0.0	False	test
60188809.28844.28844	civil	0	4	4	0.34759316	0.12555239750000002	True	test
602226608.24924.24924	civil	0	7	0	0.0	0.0	False	test
602392649.17217.17217	civil	0	7	0	0.0	0.0	False	test
603018355.15987.15987	derailed	1	7	0	0.0	0.0	False	test
603705537.67504.67504	derailed	1	7	0	0.0	0.0	False	test
604622225.64297.64297	civil	0	6	0	0.0	0.0	False	test
606039667.169988.169988	derailed	1	10	0	0.0	0.0	False	test
606912838.4142.4142	derailed	1	5	5	0.0	0.0	True	test
609435580.13377.13377	derailed	1	10	0	0.0	0.0	False	test
609689053.24281.24281	civil	0	6	0	0.0	0.0	False	test
61054145.145845.145845	civil	0	9	0	0.0	0.0	False	test
612249675.4822.4822	derailed	1	11	0	0.0	0.0	False	test
612400654.114799.114799	derailed	1	6	0	0.0	0.0	False	test
613872565.99949.99949	derailed	1	11	0	0.0	0.0	False	test
6139529.2995.2995	civil	0	8	0	0.0	0.0	False	test
618309526.12398.12398	civil	0	6	0	0.0	0.0	False	test
623261343.139532.139532	derailed	1	9	0	0.0	0.0	False	test
62357027.107.107	derailed	1	3	3	0.8224628210581695	0.33120181721573266	True	test
626679823.7976.7976	civil	0	13	0	0.0	0.0	False	test
627345419.18922.18922	civil	0	7	0	0.0	0.0	False	test
627387288.656.656	derailed	1	8	0	0.0	0.0	False	test
627593023.147521.147521	civil	0	9	0	0.0	0.0	False	test
62806273.61325.61325	civil	0	4	4	0.17674126	0.0738091025	True	test
628328130.4749.4749	civil	0	8	0	0.0	0.0	False	test
62879470.16518.16518	civil	0	9	0	0.0	0.0	False	test
628984357.191887.191887	derailed	1	6	0	0.0	0.0	False	test
630540539.22902.22902	derailed	1	6	0	0.0	0.0	False	test
63249991.361437.361437	derailed	1	6	0	0.0	0.0	False	test
632855588.23303.23303	civil	0	6	0	0.0	0.0	False	test
637809448.22348.22348	civil	0	10	0	0.0	0.0	False	test
640120018.30743.30487	civil	0	7	0	0.0	0.0	False	test
640889266.23332.23332	derailed	1	6	0	0.0	0.0	False	test
641580545.15018.15018	civil	0	6	0	0.0	0.0	False	test
644428855.14705.14705	derailed	1	8	0	0.0	0.0	False	test
644474412.22784.22784	derailed	1	7	0	0.0	0.0	False	test
644657443.238.238	derailed	1	5	5	0.7811996	0.278645416	True	test
646129791.29307.29307	civil	0	6	0	0.0	0.0	False	test
6465023.38187.37635	derailed	1	8	0	0.0	0.0	False	test
650732118.7953.7953	civil	0	6	0	0.0	0.0	False	test
651493864.7775.7775	derailed	1	6	0	0.0	0.0	False	test
65164962.6429.6429	derailed	1	11	0	0.0	0.0	False	test
651692610.869.869	civil	0	6	0	0.0	0.0	False	test
653038133.7889.7889	civil	0	8	0	0.0	0.0	False	test
655911523.19584.19584	derailed	1	9	0	0.0	0.0	False	test
656467863.783.783	derailed	1	8	0	0.0	0.0	False	test
65876759.7334.7334	civil	0	4	4	0.3889421	0.23857882	True	test
658843385.42645.42645	civil	0	6	0	0.0	0.0	False	test
65917034.76917.76917	derailed	1	9	0	0.0	0.0	False	test
662128429.105687.105687	derailed	1	9	0	0.0	0.0	False	test
662613869.78852.78852	civil	0	9	0	0.0	0.0	False	test
665499176.1205.1205	civil	0	9	0	0.0	0.0	False	test
667134702.8503.8503	derailed	1	5	5	0.97588426	0.2529729436	True	test
66813686.23567.23567	civil	0	7	7	0.13886318	0.07838296857142858	True	test
668241091.49806.49806	derailed	1	10	0	0.0	0.0	False	test
66912232.20251.20252	civil	0	6	0	0.0	0.0	False	test
67176679.3555.3555	civil	0	6	6	0.237544090854	0.07803626667627035	True	test
674966432.9607.9607	civil	0	6	0	0.0	0.0	False	test
676558939.8233.8233	civil	0	10	0	0.0	0.0	False	test
678829660.422.422	civil	0	8	0	0.0	0.0	False	test
681078283.70017.70017	civil	0	10	0	0.0	0.0	False	test
681191837.71506.71506	derailed	1	10	0	0.0	0.0	False	test
684116791.1847.1847	civil	0	12	12	0.116803385	0.05328489941666668	True	test
684364274.18531.18531	civil	0	7	0	0.0	0.0	False	test
684457365.3559.3559	derailed	1	5	5	0.82595015	0.24273012400000002	True	test
685051058.91906.91906	derailed	1	9	0	0.0	0.0	False	test
68548949.29564.29564	derailed	1	6	0	0.0	0.0	False	test
686939949.130976.130976	civil	0	6	0	0.0	0.0	False	test
687044606.38524.38170	civil	0	11	0	0.0	0.0	False	test
688252148.10585.10585	derailed	1	3	3	0.6078309692670001	0.33588401346183155	True	test
688653715.4832.4832	derailed	1	5	5	0.92865986	0.22157644240000002	True	test
689556831.64227.64227	civil	0	6	0	0.0	0.0	False	test
690357946.7028.7028	derailed	1	4	4	0.7009271007619999	0.22293286007684252	True	test
690487678.17604.17604	civil	0	9	0	0.0	0.0	False	test
693262777.12274.12274	civil	0	6	0	0.0	0.0	False	test
693416150.36746.36746	derailed	1	6	0	0.0	0.0	False	test
69967854.87936.86545	civil	0	7	0	0.0	0.0	False	test
70160605.108563.108563	derailed	1	8	0	0.0	0.0	False	test
703653563.63878.63878	civil	0	8	0	0.0	0.0	False	test
704683777.524.524	civil	0	6	6	0.3889421	0.15245763966666667	True	test
707749490.65542.65542	civil	0	9	0	0.0	0.0	False	test
708306001.59096.59096	civil	0	8	0	0.0	0.0	False	test
709553770.11082.11082	derailed	1	9	0	0.0	0.0	False	test
710401766.17183.17183	civil	0	6	0	0.0	0.0	False	test
712616955.57400.57400	civil	0	6	0	0.0	0.0	False	test
71427319.11007.11007	civil	0	4	4	0.10603168	0.04759624325	True	test
71868842.5417.5417	civil	0	9	9	0.12354667	0.05232318688888889	True	test
71873791.19284.19284	derailed	1	6	0	0.0	0.0	False	test
724965073.205638.205638	civil	0	7	0	0.0	0.0	False	test
728346309.17576.17576	derailed	1	9	0	0.0	0.0	False	test
72862238.18432.18432	derailed	1	8	0	0.0	0.0	False	test
731809756.7238.7238	civil	0	6	0	0.0	0.0	False	test
732980338.4667.4667	civil	0	10	0	0.0	0.0	False	test
734025151.31540.31527	derailed	1	11	0	0.0	0.0	False	test
734146334.41875.41875	civil	0	11	0	0.0	0.0	False	test
734490676.95591.95591	derailed	1	8	0	0.0	0.0	False	test
7345880.119322.119322	derailed	1	8	0	0.0	0.0	False	test
735605065.18950.18950	derailed	1	7	0	0.0	0.0	False	test
735877242.9794.9794	derailed	1	8	0	0.0	0.0	False	test
736236401.23711.23711	derailed	1	6	0	0.0	0.0	False	test
737222203.267619.267619	civil	0	9	0	0.0	0.0	False	test
73791934.27006.27006	civil	0	6	0	0.0	0.0	False	test
74222555.164316.164316	civil	0	8	0	0.0	0.0	False	test
74266388.39624.39624	civil	0	7	0	0.0	0.0	False	test
747539740.42007.42007	derailed	1	10	0	0.0	0.0	False	test
747897051.86355.86355	derailed	1	7	0	0.0	0.0	False	test
74859962.21308.21308	civil	0	4	4	0.10813088	0.06455517	True	test
751607388.4168.4168	derailed	1	6	0	0.0	0.0	False	test
753001241.27091.27091	derailed	1	9	0	0.0	0.0	False	test
75361839.12816.12816	derailed	1	6	6	0.60783094	0.21853759666666664	True	test
754268732.5523.5523	derailed	1	7	0	0.0	0.0	False	test
754730462.12121.12121	derailed	1	7	0	0.0	0.0	False	test
754976387.52943.52943	derailed	1	7	0	0.0	0.0	False	test
75692435.4172.4172	derailed	1	6	6	0.7009271	0.2066194545	True	test
761448773.7141.7141	derailed	1	6	0	0.0	0.0	False	test
761572858.6480.6480	civil	0	7	0	0.0	0.0	False	test
76388080.7386.7386	civil	0	6	0	0.0	0.0	False	test
76599785.640.640	derailed	1	7	0	0.0	0.0	False	test
76665503.16927.16927	derailed	1	7	7	0.6119073	0.1657797542857143	True	test
76679585.11076.11076	derailed	1	11	0	0.0	0.0	False	test
768871037.23577.23577	civil	0	10	0	0.0	0.0	False	test
76911459.10844.10711	civil	0	7	0	0.0	0.0	False	test
769678113.7434.7434	derailed	1	7	0	0.0	0.0	False	test
771533369.24550.24550	derailed	1	7	0	0.0	0.0	False	test
77504513.54045.54045	civil	0	6	0	0.0	0.0	False	test
77554132.18.18	civil	0	9	0	0.0	0.0	False	test
77578533.14302.14302	civil	0	9	0	0.0	0.0	False	test
77869991.30682.30682	derailed	1	10	0	0.0	0.0	False	test
780017777.16731.16731	civil	0	7	0	0.0	0.0	False	test
782763657.1301.1301	derailed	1	6	0	0.0	0.0	False	test
783343262.5447.5447	derailed	1	11	0	0.0	0.0	False	test
788615269.55417.55417	derailed	1	8	0	0.0	0.0	False	test
795983366.278621.278621	derailed	1	9	0	0.0	0.0	False	test
800102285.13870.13870	civil	0	9	0	0.0	0.0	False	test
80141642.1747.1747	civil	0	6	6	0.15661919	0.046995131249999995	True	test
801554238.31.31	civil	0	9	0	0.0	0.0	False	test
80314291.5767.5767	civil	0	10	0	0.0	0.0	False	test
807767697.13733.13734	derailed	1	6	0	0.0	0.0	False	test
808741231.34032.34032	civil	0	10	0	0.0	0.0	False	test
822860086.24209.24209	civil	0	6	0	0.0	0.0	False	test
82495354.7169.7169	civil	0	3	3	0.12446333611075926	0.10325837534838471	True	test
82577579.2612.2612	derailed	1	4	4	0.6078309692670001	0.27723524485416184	True	test
830044487.24340.24340	civil	0	6	0	0.0	0.0	False	test
830113850.129728.129728	civil	0	9	0	0.0	0.0	False	test
830188775.8261.8261	derailed	1	8	0	0.0	0.0	False	test
830600892.42147.42147	civil	0	10	0	0.0	0.0	False	test
830929592.45832.45499	civil	0	8	0	0.0	0.0	False	test
831059642.6752.6752	civil	0	8	0	0.0	0.0	False	test
831482251.6718.6718	civil	0	9	0	0.0	0.0	False	test
831966213.43818.43818	derailed	1	9	0	0.0	0.0	False	test
832274762.12496.12496	derailed	1	9	0	0.0	0.0	False	test
833385517.83369.83369	derailed	1	6	0	0.0	0.0	False	test
835153380.32710.32710	derailed	1	7	0	0.0	0.0	False	test
8372529.16092.16038	civil	0	9	0	0.0	0.0	False	test
841528354.20981.20981	derailed	1	11	0	0.0	0.0	False	test
84265755.41624.41074	civil	0	4	4	0.17364836	0.0975025175	True	test
843131637.19949.19949	civil	0	8	0	0.0	0.0	False	test
844101922.54990.54990	derailed	1	6	0	0.0	0.0	False	test
845706748.564865.564865	civil	0	8	0	0.0	0.0	False	test
846013858.611430.611430	derailed	1	7	0	0.0	0.0	False	test
847882059.11974.11974	derailed	1	8	0	0.0	0.0	False	test
85524068.1540.1540	civil	0	6	0	0.0	0.0	False	test
86036261.21021.21021	civil	0	6	0	0.0	0.0	False	test
86873295.9483.9483	civil	0	8	0	0.0	0.0	False	test
8847712.1899.1899	civil	0	8	0	0.0	0.0	False	test
89204593.7834.7834	derailed	1	4	4	0.64452356	0.31920790499999996	True	test
89380833.7088.7088	derailed	1	7	0	0.0	0.0	False	test
89394725.48224.48224	derailed	1	6	0	0.0	0.0	False	test
92081180.133882.133882	derailed	1	6	0	0.0	0.0	False	test
936777.2321.2321	derailed	1	9	0	0.0	0.0	False	test
96332705.622.622	civil	0	9	9	0.237544090854	0.1005447787168575	True	test
97202447.17408.17408	civil	0	10	0	0.0	0.0	False	test
98179819.71816.71816	derailed	1	10	0	0.0	0.0	False	test
99926381.17340.17150	civil	0	10	0	0.0	0.0	False	test
100009118.8296.8296	derailed	1	4	4	0.6771105	0.28995347	True	train
100082597.1198.1198	civil	0	5	5	0.31100876384494525	0.16591369618211743	True	train
101136686.28507.28507	civil	0	7	0	0.0	0.0	False	train
101186156.157804.157804	civil	0	12	0	0.0	0.0	False	train
101210061.22031.22031	derailed	1	7	0	0.0	0.0	False	train
101444035.163487.163463	derailed	1	10	0	0.0	0.0	False	train
101467614.39450.39450	derailed	1	9	0	0.0	0.0	False	train
101890424.3912.3912	derailed	1	5	5	0.7813020473890001	0.22500931690731257	True	train
102012975.186434.186434	derailed	1	8	0	0.0	0.0	False	train
102069104.268311.268311	civil	0	8	0	0.0	0.0	False	train
102102282.16707.16707	civil	0	4	4	0.0	0.0	True	train
102154157.16707.16707	derailed	1	4	4	0.0	0.0	True	train
102266992.271745.271745	derailed	1	8	0	0.0	0.0	False	train
102502901.163090.163090	civil	0	6	0	0.0	0.0	False	train
102964652.2026.2026	derailed	1	6	6	0.8456256243354859	0.18126032606062306	True	train
103071967.14294.14294	derailed	1	4	4	0.0	0.0	True	train
103271295.478.478	derailed	1	7	0	0.0	0.0	False	train
103354968.15189.15189	civil	0	9	0	0.0	0.0	False	train
103431057.478.478	civil	0	7	0	0.0	0.0	False	train
103682985.3190.3190	civil	0	4	4	0.0	0.0	True	train
103713917.1219.1219	derailed	1	3	3	0.0	0.0	True	train
10377369.4577.4577	derailed	1	11	0	0.0	0.0	False	train
10393207.15946.15946	civil	0	11	0	0.0	0.0	False	train
104093979.937.937	derailed	1	4	4	0.77587414	0.3702803625	True	train
104266040.31698.31698	civil	0	7	0	0.0	0.0	False	train
104271206.32088.32088	derailed	1	10	0	0.0	0.0	False	train
104703060.67.67	derailed	1	6	0	0.0	0.0	False	train
104859769.55176.55176	derailed	1	8	0	0.0	0.0	False	train
10500676.217133.217133	civil	0	7	0	0.0	0.0	False	train
105017229.49238.49238	derailed	1	8	0	0.0	0.0	False	train
105195073.41724.41549	derailed	1	6	0	0.0	0.0	False	train
105499048.33287.33287	civil	0	6	0	0.0	0.0	False	train
105658326.26623.26623	derailed	1	7	0	0.0	0.0	False	train
105662054.73251.73251	derailed	1	9	0	0.0	0.0	False	train
10567295.27347.27347	derailed	1	10	0	0.0	0.0	False	train
105983711.6035.6035	derailed	1	5	5	0.8411639845134292	0.21784603980490838	True	train
105990673.17640.17640	derailed	1	8	0	0.0	0.0	False	train
106086467.6813.6813	derailed	1	4	4	0.8599181999999999	0.30704972249999996	True	train
106255236.25874.25874	derailed	1	6	0	0.0	0.0	False	train
106700421.14794.14794	civil	0	6	6	0.3012327619467431	0.18982379283621065	True	train
106720504.622.622	derailed	1	7	0	0.0	0.0	False	train
106917469.75842.75842	derailed	1	7	0	0.0	0.0	False	train
106929028.0.0	civil	0	6	0	0.0	0.0	False	train
107028811.66071.66071	civil	0	9	0	0.0	0.0	False	train
107319885.2036.0	derailed	1	5	5	0.6532479999999999	0.24340150400000002	True	train
107319885.27209.0	civil	0	5	5	0.12321752	0.043146681	True	train
107404932.1360.1360	derailed	1	7	0	0.0	0.0	False	train
107493556.40549.40549	civil	0	6	0	0.0	0.0	False	train
107505434.38942.38979	civil	0	8	0	0.0	0.0	False	train
107596212.39648.39648	derailed	1	8	0	0.0	0.0	False	train
107759051.607.484	civil	0	6	0	0.0	0.0	False	train
107996234.3849.3849	derailed	1	8	0	0.0	0.0	False	train
108125695.9958.9958	civil	0	10	0	0.0	0.0	False	train
108176670.53894.53894	civil	0	4	4	0.1234376	0.05334403125	True	train
108953813.18115.18115	derailed	1	6	0	0.0	0.0	False	train
10900408.9470.9470	derailed	1	8	0	0.0	0.0	False	train
10905256.85840.85840	derailed	1	9	0	0.0	0.0	False	train
109154007.12985.12985	civil	0	8	0	0.0	0.0	False	train
109203891.11364.11364	derailed	1	5	5	0.811442	0.20555129079999998	True	train
109376539.2407.2407	derailed	1	5	5	0.92778677	0.27305310279999995	True	train
10942836.99038.99038	derailed	1	9	0	0.0	0.0	False	train
109651810.238934.238934	civil	0	11	0	0.0	0.0	False	train
110234901.0.0	civil	0	6	0	0.0	0.0	False	train
11033774.4772.4772	civil	0	6	0	0.0	0.0	False	train
110377606.18342.18342	civil	0	8	0	0.0	0.0	False	train
11048967.2230.2230	civil	0	6	0	0.0	0.0	False	train
110518877.1035.1035	civil	0	6	0	0.0	0.0	False	train
110588596.57568.57568	civil	0	6	0	0.0	0.0	False	train
110757749.4492.4492	derailed	1	6	6	0.96105605	0.2320638001666667	True	train
111036569.15732.15732	civil	0	6	0	0.0	0.0	False	train
111111127.90680.90680	civil	0	6	0	0.0	0.0	False	train
111347757.330.330	civil	0	7	0	0.0	0.0	False	train
111356473.3090.3090	derailed	1	5	5	0.8529339231485205	0.24043827465619608	True	train
111544183.27079.27079	derailed	1	8	0	0.0	0.0	False	train
111603073.8923.8923	civil	0	4	4	0.06848176053674396	0.03884876799664704	True	train
111898199.3579.3589	civil	0	5	5	0.237544090854	0.15827109695720004	True	train
112689148.5261.5261	derailed	1	9	0	0.0	0.0	False	train
113046805.77803.77803	derailed	1	7	0	0.0	0.0	False	train
11331921.17573.17573	civil	0	4	4	0.12829109	0.052715215999999995	True	train
113426114.252480.252480	civil	0	7	0	0.0	0.0	False	train
113468765.31323.31323	civil	0	5	5	0.042605877	0.027179573800000002	True	train
113531759.13528.13528	civil	0	8	0	0.0	0.0	False	train
113606995.13904.13904	civil	0	6	0	0.0	0.0	False	train
113715557.51604.51604	civil	0	6	0	0.0	0.0	False	train
11374569.90805.90805	civil	0	9	0	0.0	0.0	False	train
11454508.2556.2556	civil	0	6	0	0.0	0.0	False	train
114627125.3150.3150	derailed	1	9	9	0.8761376000000001	0.21528976722222223	True	train
114814137.19490.19490	derailed	1	10	0	0.0	0.0	False	train
114831022.4571.4571	civil	0	4	4	0.054115955	0.0248244995	True	train
114874788.1217.1217	civil	0	10	0	0.0	0.0	False	train
114940119.5559.5559	derailed	1	5	5	0.73544264	0.26651082600000003	True	train
11538354.18483.18483	derailed	1	8	8	0.963446	0.18367452075000001	True	train
115386656.79212.79212	derailed	1	6	0	0.0	0.0	False	train
11538905.109689.109689	derailed	1	10	0	0.0	0.0	False	train
115398974.2304.2304	civil	0	5	5	0.22347581	0.092475058	True	train
11562318.8625.8625	derailed	1	8	0	0.0	0.0	False	train
115700477.14642.14642	civil	0	8	0	0.0	0.0	False	train
115722135.22825.22815	derailed	1	11	0	0.0	0.0	False	train
115857386.6977.6977	civil	0	4	4	0.045100037	0.019892414625	True	train
11590681.121810.121810	civil	0	8	0	0.0	0.0	False	train
115972197.0.0	derailed	1	7	0	0.0	0.0	False	train
116090832.20690.20690	civil	0	10	0	0.0	0.0	False	train
116156193.30393.30393	civil	0	9	0	0.0	0.0	False	train
116164674.34329.34813	derailed	1	10	0	0.0	0.0	False	train
116364441.30097.30097	civil	0	7	0	0.0	0.0	False	train
116402323.22148.22148	derailed	1	7	7	0.6012522797882655	0.1946582020025501	True	train
116605439.14001.14001	derailed	1	6	6	0.7009271007619999	0.20957785193251224	True	train
116639845.58686.58686	civil	0	7	0	0.0	0.0	False	train
116848588.16434.16434	derailed	1	8	0	0.0	0.0	False	train
116944801.5530.5530	civil	0	6	0	0.0	0.0	False	train
117060297.6358.6358	derailed	1	8	0	0.0	0.0	False	train
117313335.19115.19115	derailed	1	8	8	0.644523548297	0.20062247035217	True	train
117911384.5410.489	civil	0	6	0	0.0	0.0	False	train
117927239.17446.17283	derailed	1	6	0	0.0	0.0	False	train
118004143.266948.266948	civil	0	10	0	0.0	0.0	False	train
11805402.152164.152164	derailed	1	7	0	0.0	0.0	False	train
118488229.39633.39633	derailed	1	6	0	0.0	0.0	False	train
118510990.35344.35344	civil	0	9	0	0.0	0.0	False	train
118619412.30891.30891	civil	0	8	0	0.0	0.0	False	train
118650722.2216.2216	derailed	1	10	0	0.0	0.0	False	train
118773143.295281.295281	derailed	1	8	0	0.0	0.0	False	train
11915549.810.810	civil	0	4	4	0.058846988	0.03132355125	True	train
11932349.376.376	derailed	1	5	5	0.932805134691376	0.22285665056681642	True	train
1195308.2477.2477	derailed	1	7	0	0.0	0.0	False	train
1195871.7257.7257	civil	0	6	0	0.0	0.0	False	train
119611018.34356.34356	derailed	1	8	0	0.0	0.0	False	train
119685468.7818.7808	civil	0	4	4	0.08675746	0.03346389525	True	train
119741303.36118.36118	civil	0	8	0	0.0	0.0	False	train
120051909.8801.8801	derailed	1	6	6	0.6771105	0.16747294499999998	True	train
120058350.0.0	civil	0	6	0	0.0	0.0	False	train
120066409.597.597	civil	0	10	10	0.30363613	0.18788988099999998	True	train
120201689.7250.7250	civil	0	5	5	0.0	0.0	True	train
120407046.51462.51462	civil	0	7	0	0.0	0.0	False	train
120540440.64114.64114	derailed	1	8	0	0.0	0.0	False	train
120691935.319.319	derailed	1	8	0	0.0	0.0	False	train
12080811.2083.2083	derailed	1	9	9	0.625548	0.09879689511111112	True	train
12084656.55779.55779	civil	0	8	0	0.0	0.0	False	train
12088649.18225.18225	civil	0	8	0	0.0	0.0	False	train
120959528.168699.168699	derailed	1	8	0	0.0	0.0	False	train
12120186.0.0	derailed	1	6	0	0.0	0.0	False	train
121207423.50975.50975	derailed	1	6	0	0.0	0.0	False	train
121303963.2014.2014	civil	0	3	3	0.2752697329426829	0.14595311332653343	True	train
121446655.65178.65178	civil	0	6	0	0.0	0.0	False	train
121446938.31933.31933	derailed	1	6	6	0.9878102	0.28159102083333337	True	train
12149594.0.0	civil	0	9	0	0.0	0.0	False	train
121499781.64765.64765	derailed	1	10	0	0.0	0.0	False	train
12152270.3341.3341	derailed	1	10	0	0.0	0.0	False	train
12156168.36226.36226	civil	0	6	0	0.0	0.0	False	train
12187886.141625.141625	derailed	1	8	0	0.0	0.0	False	train
122044601.69.69	civil	0	6	0	0.0	0.0	False	train
12212179.30996.28750	derailed	1	8	0	0.0	0.0	False	train
122434890.15100.15100	derailed	1	10	0	0.0	0.0	False	train
122469594.40639.40639	civil	0	6	0	0.0	0.0	False	train
12319976.66284.66284	civil	0	7	0	0.0	0.0	False	train
123248299.5506.5506	derailed	1	6	6	0.85337055	0.18973690750000002	True	train
12332308.6644.6644	civil	0	6	0	0.0	0.0	False	train
123332346.48971.48971	civil	0	8	0	0.0	0.0	False	train
123338958.57575.57575	derailed	1	6	0	0.0	0.0	False	train
123376712.21847.21847	derailed	1	6	0	0.0	0.0	False	train
12352142.67270.67270	derailed	1	7	0	0.0	0.0	False	train
123529407.17781.17781	civil	0	6	0	0.0	0.0	False	train
123598601.0.0	derailed	1	7	7	0.9220670155258563	0.2613141120320846	True	train
123704926.1253.1253	derailed	1	7	0	0.0	0.0	False	train
123890018.51634.51634	derailed	1	6	0	0.0	0.0	False	train
124053617.1092.1092	civil	0	6	0	0.0	0.0	False	train
124180029.7198.7198	civil	0	5	5	0.12911817	0.0440155304	True	train
124389219.27413.27413	derailed	1	8	0	0.0	0.0	False	train
124406007.8302.8302	civil	0	6	0	0.0	0.0	False	train
12451425.436.436	civil	0	5	5	0.36950412	0.1359971806	True	train
12465133.2456.2456	civil	0	6	0	0.0	0.0	False	train
124704533.3729.3729	civil	0	6	0	0.0	0.0	False	train
124815362.13703.13703	civil	0	7	7	0.3889421	0.13483782142857142	True	train
125039163.640.640	civil	0	5	5	0.12468631116556347	0.06756403313452901	True	train
125309942.18305.18305	derailed	1	6	0	0.0	0.0	False	train
12555849.247.247	derailed	1	7	0	0.0	0.0	False	train
12557316.3558.3558	civil	0	7	0	0.0	0.0	False	train
12597056.66411.66411	derailed	1	7	0	0.0	0.0	False	train
126242125.1546.1546	derailed	1	4	4	0.9925789863555512	0.32008147092548056	True	train
126287459.3212.3212	civil	0	6	0	0.0	0.0	False	train
127102700.50633.50633	civil	0	11	0	0.0	0.0	False	train
127358763.51404.51404	civil	0	9	0	0.0	0.0	False	train
127489710.18991.18991	derailed	1	7	0	0.0	0.0	False	train
127490931.0.0	civil	0	6	0	0.0	0.0	False	train
127733292.32077.32077	civil	0	6	0	0.0	0.0	False	train
127884476.31852.31852	civil	0	10	0	0.0	0.0	False	train
128139000.30874.29394	derailed	1	8	0	0.0	0.0	False	train
12849180.50493.50493	derailed	1	9	0	0.0	0.0	False	train
128818551.16567.16567	civil	0	4	4	0.38479015	0.132597695	True	train
129049043.66422.66422	civil	0	6	0	0.0	0.0	False	train
12941035.584.584	derailed	1	6	6	0.8985979	0.24820636999999998	True	train
129624154.36120.36120	derailed	1	4	4	0.8500850812979723	0.3084506914679342	True	train
129678603.1236.0	civil	0	7	0	0.0	0.0	False	train
129746382.98909.98909	civil	0	6	0	0.0	0.0	False	train
129847853.105738.105738	derailed	1	9	0	0.0	0.0	False	train
130017268.106789.106789	civil	0	8	0	0.0	0.0	False	train
130103164.11480.11480	civil	0	6	0	0.0	0.0	False	train
130211170.71708.71708	derailed	1	7	0	0.0	0.0	False	train
13055351.31249.31249	civil	0	8	0	0.0	0.0	False	train
130970837.485500.485500	civil	0	6	0	0.0	0.0	False	train
131016367.9383.9383	civil	0	9	0	0.0	0.0	False	train
131070217.503793.503793	derailed	1	6	0	0.0	0.0	False	train
131133713.1507.1507	civil	0	6	0	0.0	0.0	False	train
131139643.205658.205658	civil	0	6	0	0.0	0.0	False	train
131348475.17100.17100	derailed	1	10	0	0.0	0.0	False	train
131373413.25367.25367	derailed	1	5	5	0.8565550999999999	0.27802654099999996	True	train
131395687.2202.2202	civil	0	5	5	0.39598572	0.15232717480000002	True	train
131397810.13228.13228	derailed	1	7	0	0.0	0.0	False	train
131430765.10488.10488	civil	0	12	12	0.12346029	0.03756434491666666	True	train
131587481.4133.4133	civil	0	7	0	0.0	0.0	False	train
131882316.186027.186027	derailed	1	6	0	0.0	0.0	False	train
132026400.5805.5805	civil	0	4	4	0.17146588081279435	0.08043134614893047	True	train
132071812.26313.26313	civil	0	6	0	0.0	0.0	False	train
132303683.139389.139389	civil	0	6	0	0.0	0.0	False	train
132321435.133221.133221	derailed	1	6	0	0.0	0.0	False	train
132460131.12604.12604	derailed	1	5	5	0.6229864	0.228158921	True	train
132906053.51831.51822	civil	0	10	0	0.0	0.0	False	train
133146249.34053.34053	civil	0	6	0	0.0	0.0	False	train
133459967.17746.17746	civil	0	6	0	0.0	0.0	False	train
133468092.64510.64510	civil	0	8	0	0.0	0.0	False	train
133500852.1455.1455	derailed	1	6	6	0.73544264	0.1701163016666667	True	train
133943876.10370.10370	derailed	1	11	0	0.0	0.0	False	train
134073670.131794.131794	derailed	1	7	0	0.0	0.0	False	train
134257476.56363.56363	derailed	1	8	0	0.0	0.0	False	train
134475932.30315.30315	derailed	1	8	0	0.0	0.0	False	train
134588266.14633.14633	derailed	1	9	0	0.0	0.0	False	train
13475726.38137.38137	derailed	1	8	0	0.0	0.0	False	train
13521263.3340.3340	derailed	1	7	0	0.0	0.0	False	train
135366159.71.71	civil	0	9	0	0.0	0.0	False	train
135561509.118549.118549	civil	0	8	0	0.0	0.0	False	train
135774766.176077.176984	civil	0	10	0	0.0	0.0	False	train
136007219.180757.180757	derailed	1	9	0	0.0	0.0	False	train
136289256.2567.2567	derailed	1	8	0	0.0	0.0	False	train
136580720.181876.181876	derailed	1	7	0	0.0	0.0	False	train
136740926.2715.2715	derailed	1	6	0	0.0	0.0	False	train
136839942.5545.5545	derailed	1	6	0	0.0	0.0	False	train
137070788.2493.2493	derailed	1	9	9	0.8500699	0.18009755677777778	True	train
137250282.53843.53843	derailed	1	10	0	0.0	0.0	False	train
13765061.4088.4088	derailed	1	10	0	0.0	0.0	False	train
13768808.75261.75261	derailed	1	7	7	0.7971063	0.2195298844285714	True	train
138057937.1328.1328	civil	0	5	5	0.21243477	0.0812354636	True	train
138086818.8230.8230	civil	0	4	4	0.28895643	0.09235880625	True	train
138134296.24200.24200	civil	0	5	5	0.23403256978036416	0.0840459924817347	True	train
13821842.111.111	civil	0	8	0	0.0	0.0	False	train
138284146.13714.13714	civil	0	7	0	0.0	0.0	False	train
138447344.2616.2616	civil	0	8	0	0.0	0.0	False	train
138654598.3324.3324	civil	0	4	4	0.312898886961093	0.1043552152291821	True	train
138725911.16006.16006	derailed	1	6	6	0.0	0.0	True	train
13907304.25186.25186	civil	0	11	0	0.0	0.0	False	train
139190023.83373.83373	civil	0	7	0	0.0	0.0	False	train
139339329.5788.5791	civil	0	5	5	0.2482785175777853	0.15614208505867694	True	train
13946663.30296.30296	civil	0	7	0	0.0	0.0	False	train
139472519.5811.5811	derailed	1	4	4	0.7181215673431529	0.2361070401473474	True	train
139791766.42165.42165	civil	0	8	0	0.0	0.0	False	train
139821898.77712.77712	derailed	1	7	0	0.0	0.0	False	train
13985430.44704.44704	civil	0	7	0	0.0	0.0	False	train
140061073.2870.2870	derailed	1	8	0	0.0	0.0	False	train
140158667.5240.5240	civil	0	4	4	0.090206034	0.0451483885	True	train
140327657.9284.9284	civil	0	6	0	0.0	0.0	False	train
140418397.27598.27334	civil	0	3	3	0.09125529767294033	0.06462499986146536	True	train
140457684.31130.31130	derailed	1	5	5	0.7762261439067847	0.2639247115429887	True	train
140551396.5416.5416	civil	0	8	0	0.0	0.0	False	train
140619765.21815.21815	civil	0	6	0	0.0	0.0	False	train
140765097.116297.116297	civil	0	6	0	0.0	0.0	False	train
140863290.3931.3931	civil	0	4	4	0.08800715	0.045268854250000004	True	train
140960334.44081.44081	derailed	1	6	0	0.0	0.0	False	train
141210424.27362.27362	derailed	1	6	0	0.0	0.0	False	train
141254831.5633.5633	civil	0	5	5	0.10665448	0.06409254	True	train
141419850.58.58	derailed	1	8	0	0.0	0.0	False	train
141711171.1955.1957	derailed	1	5	5	0.0	0.0	True	train
141723629.182313.182313	civil	0	7	0	0.0	0.0	False	train
141735464.188270.188270	derailed	1	7	0	0.0	0.0	False	train
141798043.83.83	civil	0	9	0	0.0	0.0	False	train
142094859.137307.137307	derailed	1	9	0	0.0	0.0	False	train
142361312.144.144	derailed	1	12	12	0.6979635999999999	0.21235481283333332	True	train
142445206.5671.5671	civil	0	6	0	0.0	0.0	False	train
142496231.3363.3363	derailed	1	6	6	0.95689076	0.3468785425	True	train
14276135.641.641	derailed	1	6	6	0.82170683	0.28120066000000005	True	train
14290862.128901.128901	derailed	1	11	0	0.0	0.0	False	train
143206656.10.10	derailed	1	6	0	0.0	0.0	False	train
143371769.16045.16045	derailed	1	8	0	0.0	0.0	False	train
143877368.8.8	derailed	1	7	7	0.86354285	0.16661864871428572	True	train
143881266.129853.129801	derailed	1	9	0	0.0	0.0	False	train
143890867.11926.11926	derailed	1	6	6	0.60783094	0.18403499566666667	True	train
143922570.32344.32344	derailed	1	6	0	0.0	0.0	False	train
144114634.402.402	derailed	1	7	0	0.0	0.0	False	train
144201082.63507.63507	civil	0	6	0	0.0	0.0	False	train
144384425.3276.3276	civil	0	4	4	0.30811813	0.11671909949999999	True	train
144400646.123809.123809	derailed	1	9	0	0.0	0.0	False	train
144401101.11263.11263	derailed	1	5	5	0.9512015	0.32449925999999996	True	train
144643838.1236.1236	derailed	1	5	5	0.9027101	0.291593328	True	train
144902506.962.962	civil	0	5	5	0.30095400076657264	0.14910116871559156	True	train
145242928.4828.4828	civil	0	5	5	0.0	0.0	True	train
14524922.81579.81579	civil	0	6	0	0.0	0.0	False	train
145360359.106456.106456	derailed	1	8	0	0.0	0.0	False	train
145390955.107046.107046	civil	0	8	0	0.0	0.0	False	train
14545132.12444.12444	civil	0	9	0	0.0	0.0	False	train
145469677.9768.9768	derailed	1	4	4	0.9304343113867928	0.39868010183407115	True	train
145712769.2405.2405	derailed	1	3	3	0.73544263817	0.3331697646633013	True	train
145807205.2210.2210	derailed	1	9	0	0.0	0.0	False	train
145872593.19153.19153	derailed	1	4	4	0.8259501187649999	0.2424909873652717	True	train
145897597.3994.3994	derailed	1	5	5	0.6771105	0.16778990759999998	True	train
146743638.12652.12652	civil	0	4	4	0.078140646	0.03508246675	True	train
146914192.568.568	civil	0	8	0	0.0	0.0	False	train
147014658.17816.17816	civil	0	8	0	0.0	0.0	False	train
14711282.73346.73346	derailed	1	9	0	0.0	0.0	False	train
147954957.7256.7256	derailed	1	5	5	0.0	0.0	True	train
148017122.17876.17876	derailed	1	10	0	0.0	0.0	False	train
148699848.47156.47156	derailed	1	8	0	0.0	0.0	False	train
148726005.242.242	civil	0	6	0	0.0	0.0	False	train
148967497.9388.9388	civil	0	4	4	0.04398987916561533	0.024692037254420988	True	train
14904530.94508.94508	derailed	1	6	0	0.0	0.0	False	train
149059931.459.459	derailed	1	9	0	0.0	0.0	False	train
149429132.23522.23522	civil	0	11	0	0.0	0.0	False	train
14956234.119306.119306	derailed	1	7	0	0.0	0.0	False	train
149715841.2119.2119	civil	0	9	0	0.0	0.0	False	train
150302390.4817.4817	derailed	1	9	0	0.0	0.0	False	train
150472995.0.0	civil	0	6	0	0.0	0.0	False	train
150622347.92828.92828	derailed	1	6	0	0.0	0.0	False	train
150635427.12630.12630	civil	0	8	0	0.0	0.0	False	train
150723790.2378.2378	civil	0	6	0	0.0	0.0	False	train
150842296.10681.9553	derailed	1	10	0	0.0	0.0	False	train
150882750.23491.23491	derailed	1	9	0	0.0	0.0	False	train
150992371.3983.3983	civil	0	4	4	0.3332720378806085	0.19867326001855357	True	train
151001098.12949.12949	derailed	1	7	0	0.0	0.0	False	train
151281955.33427.33427	derailed	1	8	0	0.0	0.0	False	train
151322239.30327.30327	derailed	1	8	0	0.0	0.0	False	train
151390001.150819.150819	derailed	1	8	0	0.0	0.0	False	train
151740907.15404.15404	derailed	1	5	5	0.64452356	0.14716388388	True	train
151766668.575.575	derailed	1	3	3	0.6078309692670001	0.3682366234157313	True	train
15216017.76147.76147	derailed	1	9	0	0.0	0.0	False	train
152498514.3448.3448	civil	0	9	0	0.0	0.0	False	train
152508378.4331.4331	derailed	1	6	6	0.9162419	0.288712865	True	train
152544576.5747.5747	civil	0	4	4	0.09120976	0.038183802499999996	True	train
152787743.236460.236460	derailed	1	10	0	0.0	0.0	False	train
15283131.11726.11726	civil	0	9	0	0.0	0.0	False	train
153002285.32934.32934	derailed	1	6	0	0.0	0.0	False	train
153067091.184.0	civil	0	5	5	0.30163336	0.10122762760000001	True	train
153166575.11251.11251	derailed	1	4	4	0.7814573243403562	0.3972786006117433	True	train
153182005.36331.36331	derailed	1	9	0	0.0	0.0	False	train
153330733.24064.24064	civil	0	6	0	0.0	0.0	False	train
153345624.117895.117643	civil	0	13	0	0.0	0.0	False	train
153373392.15186.15186	derailed	1	7	7	0.6101264	0.232157932	True	train
153440869.6771.6771	derailed	1	7	0	0.0	0.0	False	train
154155753.7319.7319	derailed	1	6	6	0.9689458	0.19330197500000001	True	train
15417559.14946.14946	derailed	1	7	0	0.0	0.0	False	train
154234379.128827.128827	derailed	1	10	0	0.0	0.0	False	train
15431737.137570.137547	civil	0	9	0	0.0	0.0	False	train
15433756.19193.19193	civil	0	8	0	0.0	0.0	False	train
154377573.724.724	civil	0	7	0	0.0	0.0	False	train
15487554.166874.167799	civil	0	6	0	0.0	0.0	False	train
154881785.3042.3042	civil	0	6	0	0.0	0.0	False	train
15498971.4832.4832	civil	0	10	0	0.0	0.0	False	train
155105667.2522.2522	derailed	1	3	3	0.6230634223098863	0.2415331135186969	True	train
155236304.10904.11114	civil	0	6	0	0.0	0.0	False	train
155350692.6026.6026	civil	0	6	6	0.17864557659749766	0.07311242193075222	True	train
155594817.13941.13941	derailed	1	4	4	0.9720788846690612	0.33214099705546984	True	train
155716783.14696.14696	civil	0	4	4	0.5055897	0.15339333675	True	train
155919329.61331.61331	derailed	1	10	0	0.0	0.0	False	train
155938299.9630.9630	derailed	1	11	0	0.0	0.0	False	train
15594102.210385.210385	derailed	1	6	0	0.0	0.0	False	train
155967496.26842.26842	civil	0	6	0	0.0	0.0	False	train
15639570.54725.54725	civil	0	6	0	0.0	0.0	False	train
15640249.0.0	derailed	1	10	0	0.0	0.0	False	train
156423632.13021.13021	civil	0	6	0	0.0	0.0	False	train
15645386.2381.2381	civil	0	6	0	0.0	0.0	False	train
15660946.195671.193503	derailed	1	9	0	0.0	0.0	False	train
156725805.9367.0	derailed	1	6	6	0.64452356	0.18031309166666667	True	train
157042390.2110.1797	derailed	1	6	0	0.0	0.0	False	train
157059059.38916.38916	civil	0	5	5	0.17144233	0.0694374452	True	train
157076032.4386.4386	derailed	1	7	7	0.67711049373	0.29262558393387683	True	train
157382125.6180.6180	derailed	1	8	0	0.0	0.0	False	train
157453487.21672.21672	civil	0	8	0	0.0	0.0	False	train
157475666.96814.96814	civil	0	6	0	0.0	0.0	False	train
157495088.245252.245252	derailed	1	11	0	0.0	0.0	False	train
157660355.6354.6354	derailed	1	6	6	0.8259501187649999	0.207460958132321	True	train
157729763.7883.7883	derailed	1	6	0	0.0	0.0	False	train
157901643.10900.10900	derailed	1	6	6	0.8199110999999999	0.15986014799999998	True	train
15868495.67032.67032	civil	0	7	0	0.0	0.0	False	train
158714043.10458.10458	civil	0	4	4	0.19436555	0.075289171	True	train
158896237.30394.30394	derailed	1	9	0	0.0	0.0	False	train
159428194.168832.168832	derailed	1	8	0	0.0	0.0	False	train
159604835.190179.190179	civil	0	6	0	0.0	0.0	False	train
159674239.677.485	derailed	1	10	10	0.64452356	0.12400100950000001	True	train
159729049.20.20	derailed	1	7	0	0.0	0.0	False	train
159883671.18084.18084	civil	0	4	4	0.051570024000000006	0.028959942750000002	True	train
159887256.18662.18662	derailed	1	6	6	0.9322282	0.20759202916666664	True	train
159929476.46698.46698	civil	0	6	0	0.0	0.0	False	train
160137511.19368.19368	derailed	1	8	0	0.0	0.0	False	train
160714876.922.922	derailed	1	4	4	0.7388317881370049	0.24981190622446486	True	train
160715023.3306.3306	derailed	1	4	4	0.7009271007619999	0.275882393416462	True	train
160894688.45391.45391	civil	0	7	0	0.0	0.0	False	train
160996442.18793.18793	civil	0	4	4	0.3017813628164309	0.15079578605559682	True	train
161016992.4787.4787	civil	0	3	3	0.038638979674119514	0.0297533203815554	True	train
161712789.406.406	civil	0	3	3	0.04794668720822187	0.04757883726706728	True	train
161945107.12765.12765	derailed	1	5	5	0.6078309692670001	0.24436527395670637	True	train
162766001.2409.2409	derailed	1	7	7	0.9493148	0.18194839385714287	True	train
162850653.24380.24380	civil	0	7	0	0.0	0.0	False	train
16291108.1028.1028	civil	0	8	0	0.0	0.0	False	train
162928534.19882.19882	civil	0	8	8	0.21994548434991976	0.0943339813791073	True	train
162940568.6993.6993	derailed	1	8	0	0.0	0.0	False	train
163122214.10981.10981	derailed	1	6	0	0.0	0.0	False	train
163181975.357.357	civil	0	7	0	0.0	0.0	False	train
163192049.4586.4586	derailed	1	7	0	0.0	0.0	False	train
163311269.81491.81491	civil	0	8	0	0.0	0.0	False	train
163574688.33985.33985	derailed	1	9	0	0.0	0.0	False	train
163924666.37559.37559	civil	0	8	0	0.0	0.0	False	train
163927481.307186.307186	civil	0	6	0	0.0	0.0	False	train
163982681.4438.4438	derailed	1	7	0	0.0	0.0	False	train
164143703.327702.327702	derailed	1	6	0	0.0	0.0	False	train
164192125.401.401	derailed	1	10	0	0.0	0.0	False	train
164351011.42267.42267	derailed	1	7	0	0.0	0.0	False	train
164601109.4369.4369	derailed	1	9	0	0.0	0.0	False	train
165192857.0.0	civil	0	5	5	0.3853781674410388	0.19541552165668358	True	train
165311948.16038.16038	derailed	1	6	0	0.0	0.0	False	train
165424805.5097.5097	civil	0	7	0	0.0	0.0	False	train
166279366.14794.14794	civil	0	4	4	0.19005892	0.05948799075	True	train
166283943.13776.13776	derailed	1	4	4	0.7999258370464629	0.25380403169270366	True	train
166316493.14599.14599	civil	0	5	5	0.16767299069575375	0.06689591175154969	True	train
166483034.7041.7041	civil	0	8	0	0.0	0.0	False	train
167464902.367.367	civil	0	4	4	0.18273602014006984	0.07042975748172137	True	train
16774729.0.0	civil	0	6	0	0.0	0.0	False	train
167788255.32606.32606	derailed	1	10	0	0.0	0.0	False	train
167881263.32390.32390	derailed	1	6	0	0.0	0.0	False	train
168037626.2717.2717	derailed	1	7	7	0.951271	0.23481665285714287	True	train
168180673.10107.10107	civil	0	6	6	0.0	0.0	True	train
168315268.90072.90072	derailed	1	9	0	0.0	0.0	False	train
168763688.24376.24376	civil	0	11	0	0.0	0.0	False	train
168858781.73514.73514	derailed	1	7	0	0.0	0.0	False	train
168890548.4040.4040	derailed	1	5	5	0.64452356	0.255496162	True	train
168899245.6840.6840	civil	0	4	4	0.0642674	0.032319889500000004	True	train
168994629.118480.118480	civil	0	6	0	0.0	0.0	False	train
169077115.2098.2098	derailed	1	4	4	0.97125214	0.2783748945	True	train
169150061.91723.91723	derailed	1	8	0	0.0	0.0	False	train
169405937.10029.9152	derailed	1	10	0	0.0	0.0	False	train
169476498.0.0	civil	0	6	0	0.0	0.0	False	train
169483147.44764.44764	civil	0	6	0	0.0	0.0	False	train
169575026.2743.2743	civil	0	4	4	0.1502322734017867	0.0769306090987692	True	train
170029034.54439.54439	derailed	1	6	6	0.76823187	0.18252420800000002	True	train
170454124.36787.36787	civil	0	6	0	0.0	0.0	False	train
170838027.6786.6786	derailed	1	8	8	0.95689076	0.2229698275	True	train
170898748.10814.10814	derailed	1	7	7	0.64452356	0.22965611842857145	True	train
171002850.8201.8201	civil	0	6	6	0.14010069	0.07404393150000001	True	train
171004609.454.454	civil	0	4	4	0.237544090854	0.1213970091333193	True	train
171244678.187418.187418	civil	0	13	0	0.0	0.0	False	train
171900381.236075.236075	derailed	1	9	0	0.0	0.0	False	train
172139656.8599.8599	civil	0	6	0	0.0	0.0	False	train
172326135.17849.17849	derailed	1	10	0	0.0	0.0	False	train
172375261.44612.44612	civil	0	9	0	0.0	0.0	False	train
172440472.5731.5731	civil	0	9	0	0.0	0.0	False	train
172496084.48281.47463	civil	0	10	0	0.0	0.0	False	train
172602954.25312.25312	civil	0	4	4	0.2607889	0.11716986875	True	train
172783979.9897.9897	derailed	1	8	0	0.0	0.0	False	train
172874568.48377.48377	civil	0	7	0	0.0	0.0	False	train
172982660.2062.2062	derailed	1	9	0	0.0	0.0	False	train
173258711.27876.27876	derailed	1	14	14	0.9027101	0.16944683107142858	True	train
173820776.10670.10670	civil	0	6	0	0.0	0.0	False	train
174450961.9654.9649	civil	0	8	0	0.0	0.0	False	train
174477823.48508.48460	derailed	1	10	0	0.0	0.0	False	train
174548845.14805.14805	civil	0	4	4	0.4156097	0.21259478250000002	True	train
174716255.24308.24308	derailed	1	8	0	0.0	0.0	False	train
174748397.4667.4667	civil	0	4	4	0.0650478420414509	0.032009308680260216	True	train
175059866.23049.23049	civil	0	10	0	0.0	0.0	False	train
175221880.25305.25305	derailed	1	7	0	0.0	0.0	False	train
175543533.9096.9096	derailed	1	5	5	0.0	0.0	True	train
175635044.13208.13208	civil	0	6	0	0.0	0.0	False	train
175720120.3708.3708	civil	0	5	5	0.2666576881905066	0.09894052667241052	True	train
175766042.3768.3768	derailed	1	5	5	0.6771105	0.276138034	True	train
176089145.1219.1219	derailed	1	9	0	0.0	0.0	False	train
176174487.3935.3935	derailed	1	6	0	0.0	0.0	False	train
176187691.13668.13668	civil	0	7	7	0.08521779416462806	0.050368313320540016	True	train
176555116.8001.8001	civil	0	8	0	0.0	0.0	False	train
176804113.31106.31106	civil	0	8	8	0.20703759365109486	0.0758683619534079	True	train
177237695.62396.62396	derailed	1	4	4	0.7775919	0.301239611	True	train
177487987.39117.39117	civil	0	6	0	0.0	0.0	False	train
177518531.10872.10841	civil	0	6	0	0.0	0.0	False	train
177549154.47626.47626	derailed	1	7	0	0.0	0.0	False	train
177610439.70966.70966	civil	0	5	5	0.3422048	0.1668158336	True	train
17776495.10317.10317	civil	0	7	0	0.0	0.0	False	train
177877057.28260.28260	civil	0	8	0	0.0	0.0	False	train
177890148.72146.72146	derailed	1	6	0	0.0	0.0	False	train
178727199.30516.30516	derailed	1	8	0	0.0	0.0	False	train
178757145.56554.56554	civil	0	9	9	0.3007318	0.14660015855555555	True	train
178779340.8104.8104	derailed	1	7	7	0.94162506	0.18978712057142857	True	train
17907676.6203.6203	civil	0	7	0	0.0	0.0	False	train
17914181.40666.40666	civil	0	6	0	0.0	0.0	False	train
179329338.5954.5954	derailed	1	5	5	0.7865478	0.2204714336	True	train
179396954.64608.64608	civil	0	6	0	0.0	0.0	False	train
179415089.76098.76098	civil	0	6	0	0.0	0.0	False	train
179494988.2076.2076	derailed	1	4	4	0.9568907707559999	0.30805382510548396	True	train
17971546.10.10	derailed	1	6	0	0.0	0.0	False	train
17977413.57588.57588	derailed	1	11	0	0.0	0.0	False	train
180111825.2439.2439	derailed	1	5	5	0.7813020473890001	0.23038929650392997	True	train
18013744.352.352	civil	0	7	0	0.0	0.0	False	train
180191077.3470.3470	derailed	1	6	6	0.8460360999999998	0.20644274816666663	True	train
180647036.29131.29131	derailed	1	8	0	0.0	0.0	False	train
180775772.3392.3392	derailed	1	8	0	0.0	0.0	False	train
180883712.168937.168937	civil	0	6	0	0.0	0.0	False	train
180902214.9654.9654	civil	0	6	6	0.25833749264940464	0.16488719162403528	True	train
18094101.42822.42822	civil	0	9	0	0.0	0.0	False	train
181451254.36.36	derailed	1	9	0	0.0	0.0	False	train
181655527.1162.1162	derailed	1	11	0	0.0	0.0	False	train
181756316.13572.13572	civil	0	7	0	0.0	0.0	False	train
181926165.52828.52828	civil	0	6	0	0.0	0.0	False	train
181984887.0.0	derailed	1	4	4	0.7009271007619999	0.3125776248147303	True	train
182195722.17081.17081	civil	0	4	4	0.18498792	0.07239560825000001	True	train
182244328.149306.149306	civil	0	10	0	0.0	0.0	False	train
182448213.157573.157573	derailed	1	8	0	0.0	0.0	False	train
182614870.5054.5054	civil	0	6	0	0.0	0.0	False	train
18294264.17931.17931	civil	0	7	0	0.0	0.0	False	train
18349485.5104.5104	civil	0	6	0	0.0	0.0	False	train
183625831.22080.22080	derailed	1	4	4	0.6612592359221369	0.20429999782804853	True	train
183659104.7892.7892	civil	0	4	4	0.058570426	0.0284711565	True	train
183782445.154380.154380	civil	0	11	0	0.0	0.0	False	train
184206224.2971.2971	civil	0	4	4	0.11403746	0.053427313	True	train
184209031.199517.199517	derailed	1	11	0	0.0	0.0	False	train
184250472.31953.31953	civil	0	8	0	0.0	0.0	False	train
184657238.8439.8439	derailed	1	4	4	0.7531881642312944	0.32970283053019067	True	train
184937853.13498.13498	civil	0	8	0	0.0	0.0	False	train
185022217.21535.21535	civil	0	6	0	0.0	0.0	False	train
185217516.25785.25785	derailed	1	8	0	0.0	0.0	False	train
185229633.7636.7636	derailed	1	5	5	0.7720066999999999	0.21986522319999996	True	train
185239722.42689.42689	civil	0	7	0	0.0	0.0	False	train
185258532.16707.16707	derailed	1	11	11	0.6126038	0.20781155499999998	True	train
185302851.9838.9838	civil	0	5	5	0.115800925	0.07385050779999999	True	train
185391688.22499.22499	civil	0	11	0	0.0	0.0	False	train
185481000.194326.194326	civil	0	9	0	0.0	0.0	False	train
18559742.81146.81146	derailed	1	6	0	0.0	0.0	False	train
185691766.8646.8646	civil	0	4	4	0.21128847	0.06876857125	True	train
186266380.13735.13735	civil	0	6	6	0.27209597115694995	0.12808909320325576	True	train
186677272.300752.300752	civil	0	9	0	0.0	0.0	False	train
186915493.0.0	civil	0	6	6	0.38687691222170223	0.09261600778680469	True	train
186964574.2439.2439	derailed	1	6	6	0.9392847	0.32090599833333333	True	train
187228168.1496.1496	civil	0	4	4	0.14725658090859362	0.0755900713492898	True	train
187273388.750.750	derailed	1	5	5	0.644523548297	0.16582350047889166	True	train
187327169.111083.111083	civil	0	10	0	0.0	0.0	False	train
187435595.874.874	civil	0	7	0	0.0	0.0	False	train
187563588.25309.25309	civil	0	8	0	0.0	0.0	False	train
187592276.109067.111222	derailed	1	9	0	0.0	0.0	False	train
187734242.16429.16429	derailed	1	6	6	0.9063456518815508	0.20751278641638612	True	train
187751155.17725.17725	civil	0	6	6	0.12344818275410638	0.052390930738871154	True	train
187896198.904.904	civil	0	4	4	0.23122498802078065	0.07037723373145081	True	train
188028913.217.217	civil	0	7	7	0.14049701008745294	0.06989531745988317	True	train
188051991.7650.7650	derailed	1	7	7	0.9405106	0.2699355942857143	True	train
18809733.8741.8741	civil	0	4	4	0.23754409	0.10052385425	True	train
188204241.27507.27507	civil	0	9	0	0.0	0.0	False	train
188484284.217101.217101	civil	0	11	0	0.0	0.0	False	train
188493057.9027.9027	civil	0	4	4	0.04265878352667351	0.02406341753427859	True	train
188501373.42262.42262	civil	0	7	0	0.0	0.0	False	train
18872763.69228.69228	derailed	1	7	0	0.0	0.0	False	train
188843171.51668.51668	derailed	1	7	0	0.0	0.0	False	train
18905324.79758.79758	civil	0	6	0	0.0	0.0	False	train
189146003.22571.22571	civil	0	9	0	0.0	0.0	False	train
189432225.0.0	derailed	1	3	3	0.9212920417978866	0.37086381012481956	True	train
189459044.5088.5088	civil	0	9	0	0.0	0.0	False	train
189618204.3603.3606	civil	0	5	5	0.12245847230404147	0.06313924346344882	True	train
189665095.1106.1106	derailed	1	7	0	0.0	0.0	False	train
189697025.24703.24703	civil	0	6	0	0.0	0.0	False	train
18986611.104587.104587	civil	0	7	0	0.0	0.0	False	train
189879273.10985.10985	civil	0	6	0	0.0	0.0	False	train
189939114.6778.6778	civil	0	6	6	0.1822612	0.07209648016666667	True	train
1902810.120015.120015	civil	0	8	0	0.0	0.0	False	train
19032039.27399.27399	derailed	1	11	0	0.0	0.0	False	train
191060433.8500.8500	civil	0	4	4	0.054170486	0.024027199324999998	True	train
191064576.40158.40119	civil	0	9	0	0.0	0.0	False	train
191065909.8651.8651	derailed	1	6	6	0.6771105	0.14663865733333334	True	train
191077294.9889.9889	civil	0	4	4	0.036769055	0.01640877975	True	train
19142390.163.163	derailed	1	7	0	0.0	0.0	False	train
192035018.57662.57662	derailed	1	6	0	0.0	0.0	False	train
192343221.9977.9977	civil	0	5	5	0.3242494	0.12001890220000003	True	train
192376854.61071.61071	civil	0	9	0	0.0	0.0	False	train
192393483.67600.67600	derailed	1	7	0	0.0	0.0	False	train
192413701.64524.64524	derailed	1	8	0	0.0	0.0	False	train
192611046.10336.10336	civil	0	3	3	0.2449887830036841	0.1735449850747215	True	train
19261740.8675.8675	civil	0	7	0	0.0	0.0	False	train
192790900.20210.20210	derailed	1	7	0	0.0	0.0	False	train
192931179.197865.197865	civil	0	6	0	0.0	0.0	False	train
192975599.2242.2242	derailed	1	4	4	0.73544263817	0.26562879303411246	True	train
19299856.122797.122797	derailed	1	8	0	0.0	0.0	False	train
193036159.16812.16812	civil	0	5	5	0.0	0.0	True	train
1934376.41994.41994	derailed	1	10	0	0.0	0.0	False	train
19343936.125194.125194	derailed	1	10	0	0.0	0.0	False	train
193485532.26449.26449	civil	0	12	0	0.0	0.0	False	train
193565323.8199.8199	civil	0	4	4	0.34631196	0.16861138	True	train
193623838.69102.69102	civil	0	6	0	0.0	0.0	False	train
193718162.33.33	derailed	1	10	0	0.0	0.0	False	train
194231477.9130.9130	derailed	1	4	4	0.8988675936559669	0.3324047175682484	True	train
194329616.40576.40576	derailed	1	5	5	0.0	0.0	True	train
194531796.10099.10099	civil	0	3	3	0.3433864450986766	0.12959316688370404	True	train
194824373.318572.318572	derailed	1	10	0	0.0	0.0	False	train
195151806.247913.247913	derailed	1	6	0	0.0	0.0	False	train
195313360.160898.160898	derailed	1	6	0	0.0	0.0	False	train
195331201.275790.275790	derailed	1	6	0	0.0	0.0	False	train
195353398.23337.23337	civil	0	4	4	0.108649425	0.07749590025	True	train
195620756.479.479	civil	0	3	3	0.0	0.0	True	train
196614506.567.567	civil	0	5	5	0.2801895991232761	0.12303406176912982	True	train
196623615.5897.5897	civil	0	6	0	0.0	0.0	False	train
196632218.35340.35146	civil	0	7	0	0.0	0.0	False	train
196672897.34703.34703	civil	0	6	0	0.0	0.0	False	train
19686458.54833.54261	derailed	1	10	0	0.0	0.0	False	train
19703427.11295.11295	derailed	1	10	0	0.0	0.0	False	train
197051452.49372.49372	derailed	1	6	0	0.0	0.0	False	train
19768128.0.0	derailed	1	7	0	0.0	0.0	False	train
197685544.5110.5110	derailed	1	4	4	0.7604878	0.240404474	True	train
197971268.112783.112758	derailed	1	11	0	0.0	0.0	False	train
198206764.1943.1943	civil	0	6	6	0.0	0.0	True	train
198258127.2914.2914	derailed	1	5	5	0.0	0.0	True	train
19839865.4059.4062	civil	0	6	0	0.0	0.0	False	train
198688208.49744.49744	civil	0	13	0	0.0	0.0	False	train
198960121.10524.10524	civil	0	5	5	0.05647169	0.0334234264	True	train
199050917.222880.222880	derailed	1	7	0	0.0	0.0	False	train
199347779.28791.28791	derailed	1	10	10	0.8038603191120942	0.16505710053396733	True	train
200364416.172014.172014	civil	0	7	0	0.0	0.0	False	train
200383489.25610.25610	civil	0	14	0	0.0	0.0	False	train
200468806.12461.12461	civil	0	4	4	0.36721155	0.106299781	True	train
200598687.13150.13150	derailed	1	4	4	0.8027445	0.33947997500000004	True	train
200647740.189592.189592	civil	0	7	0	0.0	0.0	False	train
200833167.131909.131909	civil	0	11	0	0.0	0.0	False	train
20086777.0.0	civil	0	3	3	0.2133575603851095	0.09460797213162357	True	train
200977607.205006.205006	derailed	1	7	0	0.0	0.0	False	train
200985266.44571.44571	derailed	1	7	0	0.0	0.0	False	train
201189740.21343.21343	derailed	1	4	4	0.61261487	0.2144428665	True	train
201355247.108578.108578	derailed	1	9	0	0.0	0.0	False	train
201355402.14545.14545	civil	0	5	5	0.46095464	0.21566158600000002	True	train
201823113.38977.38977	derailed	1	9	0	0.0	0.0	False	train
202026260.2850.2850	derailed	1	6	0	0.0	0.0	False	train
202083816.25206.25206	civil	0	4	4	0.35735232091967245	0.23366492888450371	True	train
202159598.118901.118901	civil	0	6	0	0.0	0.0	False	train
202169381.11823.11823	civil	0	4	4	0.080503985	0.035728369999999995	True	train
202186098.20684.20684	civil	0	5	5	0.20529303	0.0972134634	True	train
202222639.14272.14272	civil	0	9	0	0.0	0.0	False	train
202395411.4023.4023	derailed	1	6	6	0.81241995	0.25938452333333334	True	train
202566741.4439.4439	civil	0	5	5	0.16684256	0.07028452114	True	train
202581819.43661.43661	derailed	1	9	0	0.0	0.0	False	train
202631441.23725.23725	civil	0	5	5	0.01852472	0.0099567022	True	train
20265373.332.332	derailed	1	6	0	0.0	0.0	False	train
202674525.22385.22385	derailed	1	5	5	0.6771105	0.1735632368	True	train
202711287.49516.49516	derailed	1	11	0	0.0	0.0	False	train
203342874.129823.129823	civil	0	9	0	0.0	0.0	False	train
203483248.64123.64123	derailed	1	7	7	0.7009271	0.18509271600000002	True	train
203891639.12506.12506	derailed	1	7	7	0.96475124	0.30770753571428566	True	train
204031305.3894.3894	civil	0	7	0	0.0	0.0	False	train
204048265.12399.12399	derailed	1	5	5	0.84943736	0.21654326260000004	True	train
204073727.3013.3013	derailed	1	4	4	0.73544263817	0.24943166273914325	True	train
204134114.13536.13536	civil	0	6	6	0.04862877	0.021947327766666667	True	train
2042455.3730.3730	civil	0	6	0	0.0	0.0	False	train
204273522.222161.222161	civil	0	6	0	0.0	0.0	False	train
204534823.332118.332118	civil	0	8	0	0.0	0.0	False	train
204725243.54360.54360	derailed	1	8	8	0.6138736199265555	0.2433172128205244	True	train
20516361.5416.5416	civil	0	4	4	0.097657904	0.0443242735	True	train
205249698.259.259	derailed	1	8	0	0.0	0.0	False	train
206086951.35665.35665	civil	0	6	6	0.2698176116170388	0.12136726095488833	True	train
206131755.2354.2348	civil	0	7	0	0.0	0.0	False	train
20617264.0.0	civil	0	5	5	0.2267806	0.08011117220000001	True	train
206196220.51918.51918	civil	0	10	0	0.0	0.0	False	train
206241206.12392.12392	civil	0	7	0	0.0	0.0	False	train
206637858.19952.19952	derailed	1	6	0	0.0	0.0	False	train
20676519.10803.10803	civil	0	6	0	0.0	0.0	False	train
206818187.39556.39556	derailed	1	10	0	0.0	0.0	False	train
206950817.55494.55494	civil	0	6	0	0.0	0.0	False	train
20698254.10349.10349	civil	0	11	0	0.0	0.0	False	train
207119513.305.305	civil	0	4	4	0.060019758	0.021113902425	True	train
207319117.47094.47094	derailed	1	6	0	0.0	0.0	False	train
207334293.15906.15906	derailed	1	6	0	0.0	0.0	False	train
207685040.155576.155576	civil	0	7	0	0.0	0.0	False	train
208855553.22156.22156	derailed	1	6	0	0.0	0.0	False	train
209313050.10256.10256	civil	0	18	18	0.34409282	0.12661482011111114	True	train
209354994.48068.48068	civil	0	10	0	0.0	0.0	False	train
209435673.117146.117146	civil	0	6	0	0.0	0.0	False	train
209755041.7801.7801	derailed	1	5	5	0.73544264	0.1774203608	True	train
209812481.1746.1746	civil	0	6	0	0.0	0.0	False	train
209905957.8322.8322	civil	0	10	10	0.094761044	0.053788678	True	train
210775268.9216.9216	derailed	1	4	4	0.644523548297	0.2258488358079181	True	train
210990887.340587.340587	derailed	1	11	0	0.0	0.0	False	train
211501261.25605.25605	civil	0	4	4	0.15181659	0.07969087250000001	True	train
211538523.5868.5868	civil	0	4	4	0.21208094	0.07503125899999999	True	train
211717949.74386.74386	civil	0	4	4	0.08584389	0.048870545	True	train
211754039.54581.54581	civil	0	8	0	0.0	0.0	False	train
211760354.56544.56544	derailed	1	10	0	0.0	0.0	False	train
212042.2300.2300	derailed	1	9	0	0.0	0.0	False	train
212068304.133858.133858	derailed	1	7	0	0.0	0.0	False	train
212122019.22535.22535	derailed	1	10	0	0.0	0.0	False	train
21267717.3144.3144	civil	0	6	6	0.25795048	0.12401868616666666	True	train
213369574.118494.118494	civil	0	9	0	0.0	0.0	False	train
213448366.79999.79999	derailed	1	8	8	0.9027101	0.19580244175	True	train
213924957.788.796	civil	0	6	0	0.0	0.0	False	train
214099686.5226.5226	derailed	1	11	0	0.0	0.0	False	train
214119000.30014.30014	civil	0	6	0	0.0	0.0	False	train
21507950.14018.14018	derailed	1	11	0	0.0	0.0	False	train
215085931.18282.18282	derailed	1	7	0	0.0	0.0	False	train
215180756.8562.8562	derailed	1	6	6	0.95860326	0.20190219799999998	True	train
215274499.31655.31655	civil	0	7	0	0.0	0.0	False	train
215500480.110521.110521	derailed	1	7	0	0.0	0.0	False	train
215604360.67565.67565	civil	0	6	0	0.0	0.0	False	train
215630746.123524.123524	derailed	1	8	0	0.0	0.0	False	train
215648991.2368.2368	derailed	1	6	6	0.6078309692670001	0.1629377563515075	True	train
21570425.92782.92782	civil	0	13	0	0.0	0.0	False	train
215736273.34953.34953	civil	0	8	0	0.0	0.0	False	train
215762547.12472.10827	civil	0	8	0	0.0	0.0	False	train
215769944.19364.19364	derailed	1	8	0	0.0	0.0	False	train
215856612.69355.69355	derailed	1	9	0	0.0	0.0	False	train
21738090.6527.6527	civil	0	10	0	0.0	0.0	False	train
217613994.14175.14175	derailed	1	5	5	0.6975334	0.2439623932	True	train
21779488.48208.48208	derailed	1	8	0	0.0	0.0	False	train
218312630.9577.9577	civil	0	4	4	0.1209068575320408	0.06479516947263614	True	train
218427260.37970.37970	derailed	1	6	0	0.0	0.0	False	train
218721997.57099.57099	derailed	1	5	5	0.64452356	0.1738260256	True	train
21918451.117443.117443	derailed	1	11	0	0.0	0.0	False	train
219250301.4791.4791	derailed	1	4	4	0.6890201799173115	0.2642450570703192	True	train
21946094.60616.60616	civil	0	6	0	0.0	0.0	False	train
21964369.77012.77012	civil	0	6	0	0.0	0.0	False	train
219684079.236.0	derailed	1	8	0	0.0	0.0	False	train
219719525.2591.2591	derailed	1	6	6	0.0	0.0	True	train
219825591.174699.174699	civil	0	7	0	0.0	0.0	False	train
220072266.15225.15225	civil	0	10	0	0.0	0.0	False	train
22013855.11016.11016	civil	0	7	0	0.0	0.0	False	train
220175152.10712.10712	derailed	1	8	0	0.0	0.0	False	train
220525669.22851.22851	civil	0	6	0	0.0	0.0	False	train
220851039.58077.58077	derailed	1	6	0	0.0	0.0	False	train
220862637.3179.3179	derailed	1	4	4	0.9886950794768399	0.3068101416407777	True	train
220862637.3220.3220	derailed	1	5	5	0.98579663	0.24486841999999998	True	train
220873646.265567.259050	civil	0	12	0	0.0	0.0	False	train
221089227.41173.41173	civil	0	6	0	0.0	0.0	False	train
221125910.8024.8024	derailed	1	13	13	0.95101166	0.2178574630769231	True	train
22123644.80961.80961	civil	0	7	0	0.0	0.0	False	train
221261039.27336.27336	derailed	1	10	0	0.0	0.0	False	train
22135741.0.0	civil	0	6	0	0.0	0.0	False	train
221659234.86877.84128	derailed	1	10	0	0.0	0.0	False	train
221775836.39462.39462	derailed	1	7	0	0.0	0.0	False	train
222243880.23118.23118	derailed	1	10	0	0.0	0.0	False	train
222376382.62217.62217	civil	0	6	0	0.0	0.0	False	train
222903727.97064.97064	derailed	1	11	0	0.0	0.0	False	train
223141244.122273.122273	civil	0	7	0	0.0	0.0	False	train
22326063.89754.89754	derailed	1	8	0	0.0	0.0	False	train
223421212.27929.27929	derailed	1	8	0	0.0	0.0	False	train
223661583.55739.55739	civil	0	9	0	0.0	0.0	False	train
223685157.63098.59911	derailed	1	9	0	0.0	0.0	False	train
224019277.8125.8125	civil	0	5	5	0.09313345	0.0369641012	True	train
224075029.12039.12039	civil	0	6	0	0.0	0.0	False	train
224461507.7014.7014	derailed	1	4	4	0.77542454	0.280683925	True	train
224597043.604665.604665	derailed	1	11	0	0.0	0.0	False	train
224712321.28234.28234	civil	0	9	0	0.0	0.0	False	train
225044163.103145.103145	civil	0	10	0	0.0	0.0	False	train
225085913.54.54	civil	0	7	0	0.0	0.0	False	train
225472200.53026.53026	derailed	1	8	0	0.0	0.0	False	train
225890500.20389.20389	civil	0	7	0	0.0	0.0	False	train
226465611.12195.12195	civil	0	5	5	0.13614332274667684	0.05102255649531155	True	train
226470770.5843.5833	civil	0	5	5	0.45285606	0.1536264578	True	train
226630883.3889.3889	derailed	1	8	0	0.0	0.0	False	train
22692170.6872.6872	derailed	1	5	5	0.60783094	0.19524036590000002	True	train
227155426.94550.94550	derailed	1	9	0	0.0	0.0	False	train
227464067.1920.1920	civil	0	4	4	0.15613382	0.06407512500000001	True	train
227473727.35087.35087	derailed	1	6	0	0.0	0.0	False	train
227504697.36362.36362	civil	0	6	0	0.0	0.0	False	train
227510084.11609.11609	derailed	1	3	3	0.9512937321882764	0.42085122980639994	True	train
22812826.44637.44637	civil	0	8	0	0.0	0.0	False	train
228260381.12384.12384	derailed	1	5	5	0.8761376000000001	0.19697963500000001	True	train
228332457.5689.5689	civil	0	7	7	0.15518393	0.057933385428571425	True	train
228468167.5005.5005	derailed	1	7	7	0.82641906	0.21965856599999997	True	train
228499882.44489.44491	civil	0	6	0	0.0	0.0	False	train
228590201.10821.10821	civil	0	11	0	0.0	0.0	False	train
229148223.340925.339631	civil	0	8	0	0.0	0.0	False	train
229244668.21544.21544	derailed	1	11	0	0.0	0.0	False	train
22928535.58514.58514	derailed	1	8	0	0.0	0.0	False	train
229398523.21970.21970	civil	0	6	0	0.0	0.0	False	train
22939925.2312.2312	derailed	1	6	0	0.0	0.0	False	train
229535222.2292.2292	derailed	1	6	6	0.7664425	0.24483860166666668	True	train
229551256.66451.66451	derailed	1	8	0	0.0	0.0	False	train
229739329.116.116	civil	0	6	6	0.15186274	0.073072708	True	train
229782960.9230.9230	civil	0	6	0	0.0	0.0	False	train
229955773.146480.146480	civil	0	7	0	0.0	0.0	False	train
229975554.26068.26068	derailed	1	11	0	0.0	0.0	False	train
230170704.42996.42996	derailed	1	9	0	0.0	0.0	False	train
23046139.195379.195362	civil	0	9	0	0.0	0.0	False	train
230477088.19737.19737	civil	0	6	0	0.0	0.0	False	train
230595060.510.510	civil	0	5	5	0.0	0.0	True	train
230666437.27902.27902	derailed	1	6	0	0.0	0.0	False	train
230801127.6148.6148	derailed	1	8	8	0.0	0.0	True	train
230918176.10783.10783	civil	0	4	4	0.05926159	0.037763495	True	train
231029409.12673.12673	civil	0	8	0	0.0	0.0	False	train
231593679.3391.3391	derailed	1	5	5	0.78130203	0.20789514000000003	True	train
231752626.3512.3512	derailed	1	4	4	0.6771105	0.23761082249999999	True	train
231798880.15769.15769	civil	0	11	11	0.30113664	0.13643328563636364	True	train
232204724.40835.40835	civil	0	7	0	0.0	0.0	False	train
232235864.7842.7842	derailed	1	10	0	0.0	0.0	False	train
232250517.22904.22904	derailed	1	11	0	0.0	0.0	False	train
232272868.55960.55960	derailed	1	6	0	0.0	0.0	False	train
23238386.21186.21186	derailed	1	8	0	0.0	0.0	False	train
232520443.62773.62390	derailed	1	8	0	0.0	0.0	False	train
23294269.48798.48798	civil	0	6	0	0.0	0.0	False	train
233293571.36736.36736	derailed	1	11	0	0.0	0.0	False	train
233570305.17854.17854	civil	0	6	0	0.0	0.0	False	train
233659167.37134.37134	derailed	1	8	0	0.0	0.0	False	train
234044712.9032.9032	civil	0	7	0	0.0	0.0	False	train
23410089.7466.7466	civil	0	6	0	0.0	0.0	False	train
234155672.12588.12588	civil	0	5	5	0.093853846	0.05656539779999999	True	train
234225698.40495.40495	derailed	1	7	0	0.0	0.0	False	train
23445520.8648.8648	civil	0	7	7	0.4114248	0.21416042942857144	True	train
234747790.16184.16184	derailed	1	4	4	0.0	0.0	True	train
235169271.31317.31317	derailed	1	7	7	0.9513784	0.22505083071428572	True	train
23524583.21868.21868	derailed	1	9	0	0.0	0.0	False	train
235380283.223428.223428	civil	0	7	0	0.0	0.0	False	train
235563014.4360.4360	civil	0	6	0	0.0	0.0	False	train
235774547.61002.61002	civil	0	4	4	0.12500061	0.05492984175000001	True	train
235787010.1602.1602	civil	0	5	5	0.045416955	0.019374406700000003	True	train
235788517.66804.66804	civil	0	9	0	0.0	0.0	False	train
235877654.87437.87437	derailed	1	9	0	0.0	0.0	False	train
236161634.27131.27131	derailed	1	5	5	0.6929466999999999	0.21604241899999996	True	train
236164277.4696.4696	civil	0	7	0	0.0	0.0	False	train
236412028.27985.27985	civil	0	6	0	0.0	0.0	False	train
236755381.13326.13326	derailed	1	5	5	0.0	0.0	True	train
23693917.339.339	derailed	1	10	0	0.0	0.0	False	train
237116324.4261.4261	derailed	1	6	0	0.0	0.0	False	train
237150234.556838.556715	civil	0	7	0	0.0	0.0	False	train
237254827.0.0	civil	0	5	5	0.12806089	0.05777349080000001	True	train
237818046.140687.140687	derailed	1	6	0	0.0	0.0	False	train
237947838.18201.18201	derailed	1	6	0	0.0	0.0	False	train
238239921.7047.7047	derailed	1	5	5	0.7988115	0.20606637700000002	True	train
238600569.11532.11532	derailed	1	8	0	0.0	0.0	False	train
238642701.129660.129660	civil	0	6	0	0.0	0.0	False	train
238788392.4440.4440	derailed	1	10	0	0.0	0.0	False	train
23947356.23566.23519	derailed	1	6	0	0.0	0.0	False	train
239849194.616704.616704	civil	0	6	0	0.0	0.0	False	train
239855410.618368.618368	derailed	1	8	0	0.0	0.0	False	train
240149353.16332.16332	civil	0	4	4	0.057527073	0.02577759425	True	train
240290940.16207.16207	civil	0	7	0	0.0	0.0	False	train
240323995.76858.76858	derailed	1	10	0	0.0	0.0	False	train
240429527.89491.89491	civil	0	6	0	0.0	0.0	False	train
240444038.11624.11624	derailed	1	8	8	0.6771105	0.12017894512499999	True	train
241022339.122958.122958	civil	0	6	0	0.0	0.0	False	train
241131342.18768.18523	derailed	1	4	4	0.9027101	0.401201715	True	train
24118781.37.37	civil	0	9	0	0.0	0.0	False	train
241447226.98399.98399	civil	0	10	0	0.0	0.0	False	train
241469002.6789.6789	derailed	1	5	5	0.83502173	0.1805305562	True	train
241682277.4359.4359	civil	0	4	4	0.059290357	0.029471182250000002	True	train
241750239.99787.99787	civil	0	10	10	0.07558117	0.037691202599999994	True	train
2418167.16634.16634	derailed	1	6	0	0.0	0.0	False	train
242065530.55006.55006	derailed	1	7	0	0.0	0.0	False	train
242238857.1221.1221	derailed	1	4	4	0.0	0.0	True	train
242596730.3910.3910	civil	0	6	0	0.0	0.0	False	train
243059441.9698.9698	civil	0	10	0	0.0	0.0	False	train
243072242.56485.56485	derailed	1	8	0	0.0	0.0	False	train
24319777.0.0	derailed	1	6	0	0.0	0.0	False	train
243441039.68093.68093	civil	0	6	0	0.0	0.0	False	train
243566457.2461.2461	civil	0	4	4	0.0	0.0	True	train
243764273.21212.21212	civil	0	4	4	0.099495515	0.041279028925	True	train
244072026.22768.22465	derailed	1	6	0	0.0	0.0	False	train
245262803.90271.90271	civil	0	7	0	0.0	0.0	False	train
245423265.1941.1941	civil	0	4	4	0.02750051296951357	0.0184754947222995	True	train
245458714.96186.96186	derailed	1	9	0	0.0	0.0	False	train
245576959.2099.2099	derailed	1	4	4	0.73544263817	0.20741514976078168	True	train
24597591.4316.4316	derailed	1	7	0	0.0	0.0	False	train
246244838.10299.10299	civil	0	6	0	0.0	0.0	False	train
246286943.180872.180872	civil	0	8	0	0.0	0.0	False	train
246297505.15695.15695	derailed	1	9	0	0.0	0.0	False	train
246300994.183883.183883	derailed	1	9	0	0.0	0.0	False	train
24635104.25085.25085	civil	0	10	0	0.0	0.0	False	train
246543204.1281.1281	civil	0	3	3	0.06526877427796482	0.06051533592469544	True	train
246544326.48318.48318	derailed	1	7	0	0.0	0.0	False	train
247067063.331090.331090	civil	0	6	0	0.0	0.0	False	train
247472127.253579.253579	derailed	1	11	0	0.0	0.0	False	train
247850378.42223.42223	civil	0	8	0	0.0	0.0	False	train
247903949.1969.1969	derailed	1	4	4	0.6223715010913722	0.1955426062802793	True	train
248022654.208447.208447	civil	0	11	0	0.0	0.0	False	train
248027055.10406.10406	civil	0	7	0	0.0	0.0	False	train
24823411.28359.28359	derailed	1	8	0	0.0	0.0	False	train
248252732.243427.243427	derailed	1	11	0	0.0	0.0	False	train
248407222.747.747	civil	0	13	13	0.32893097	0.13635936446153846	True	train
248408598.853.853	derailed	1	5	5	0.6771105	0.258635736	True	train
248413122.2135.2135	derailed	1	5	5	0.7009271	0.1905764368	True	train
248728129.16489.16489	derailed	1	7	0	0.0	0.0	False	train
249074806.43756.43756	derailed	1	9	0	0.0	0.0	False	train
249145766.4735.4735	civil	0	6	0	0.0	0.0	False	train
249589385.65525.65525	civil	0	9	0	0.0	0.0	False	train
249719162.86836.86836	civil	0	6	0	0.0	0.0	False	train
249816928.4402.4402	civil	0	4	4	0.31614095	0.09425645875	True	train
249885922.13699.13699	civil	0	8	0	0.0	0.0	False	train
249890483.27772.27772	civil	0	7	0	0.0	0.0	False	train
249978914.32477.32477	derailed	1	4	4	0.8150462050240664	0.2556144146392109	True	train
250467137.141201.141201	derailed	1	6	0	0.0	0.0	False	train
250498541.50023.50023	civil	0	7	0	0.0	0.0	False	train
251263251.32055.32055	civil	0	4	4	0.10833552	0.043759868	True	train
251351324.150769.150769	derailed	1	8	0	0.0	0.0	False	train
25187470.1274.1274	civil	0	6	0	0.0	0.0	False	train
25213805.0.0	civil	0	3	3	0.0	0.0	True	train
252665251.20447.20447	civil	0	10	0	0.0	0.0	False	train
253247358.14213.14213	derailed	1	9	0	0.0	0.0	False	train
253309610.37532.37532	derailed	1	8	0	0.0	0.0	False	train
253341920.44645.44645	civil	0	10	0	0.0	0.0	False	train
253365325.47770.47598	derailed	1	11	0	0.0	0.0	False	train
25337055.162.162	civil	0	8	0	0.0	0.0	False	train
2536009.3378.3378	civil	0	8	0	0.0	0.0	False	train
253888447.46368.46368	civil	0	11	0	0.0	0.0	False	train
253914735.46610.46610	derailed	1	10	0	0.0	0.0	False	train
254096192.10524.10524	derailed	1	6	0	0.0	0.0	False	train
254309326.12691.12691	civil	0	8	0	0.0	0.0	False	train
254476558.2536.2536	civil	0	4	4	0.237544090854	0.09106352792050397	True	train
25461244.1080.1080	derailed	1	5	5	0.7009271	0.1691160054	True	train
254845438.45356.45356	derailed	1	9	0	0.0	0.0	False	train
254877713.23605.23605	derailed	1	6	6	0.0	0.0	True	train
255048807.104281.104281	derailed	1	6	0	0.0	0.0	False	train
255462083.6934.6934	civil	0	5	5	0.23754409	0.1111155388	True	train
255492973.7776.7776	civil	0	5	5	0.388942079042	0.12347517873878475	True	train
25615433.40444.40444	civil	0	9	0	0.0	0.0	False	train
256502155.65389.65389	derailed	1	9	0	0.0	0.0	False	train
256933358.0.0	civil	0	7	7	0.2534721169081668	0.1618173625561306	True	train
257127398.62541.62541	civil	0	9	0	0.0	0.0	False	train
257670373.4510.4510	civil	0	8	0	0.0	0.0	False	train
257727392.0.0	civil	0	11	0	0.0	0.0	False	train
25781869.107887.107887	derailed	1	8	0	0.0	0.0	False	train
258220900.39241.39241	derailed	1	7	0	0.0	0.0	False	train
258465034.25711.25711	civil	0	8	0	0.0	0.0	False	train
258501873.166167.166167	civil	0	10	0	0.0	0.0	False	train
259380404.3182.3182	derailed	1	9	9	0.7009271	0.238211431	True	train
2598463.30932.30932	civil	0	8	0	0.0	0.0	False	train
26035267.36399.36382	derailed	1	7	0	0.0	0.0	False	train
260495392.5411.5411	derailed	1	7	0	0.0	0.0	False	train
260500116.16426.16426	derailed	1	5	5	0.644523548297	0.21253075042183633	True	train
26096762.44024.44024	civil	0	10	0	0.0	0.0	False	train
261116027.1231.1231	civil	0	5	5	0.048668202	0.0266344884	True	train
261192803.45628.45628	civil	0	7	0	0.0	0.0	False	train
261549717.6141.6141	derailed	1	6	6	0.0	0.0	True	train
262019413.1258.1258	derailed	1	6	6	0.64452356	0.15341504983333334	True	train
262568972.1728.1728	derailed	1	6	6	0.64452356	0.15345076216666667	True	train
263081506.985.985	derailed	1	10	0	0.0	0.0	False	train
263416721.117448.117448	derailed	1	10	0	0.0	0.0	False	train
264577502.43511.43511	derailed	1	8	0	0.0	0.0	False	train
265209661.21286.21286	civil	0	3	3	0.36263145854030027	0.21283279992589996	True	train
265479643.10144.10144	civil	0	11	0	0.0	0.0	False	train
266672416.14406.14406	derailed	1	5	5	0.6103706031222177	0.19158221484856724	True	train
266938227.4116.4116	derailed	1	6	6	0.86949766	0.23008736500000002	True	train
267643437.10093.10093	civil	0	6	6	0.0	0.0	True	train
267692160.155951.155951	derailed	1	7	0	0.0	0.0	False	train
267728614.56519.56519	civil	0	9	9	0.08514641	0.04430877655555556	True	train
267873318.3400.3400	derailed	1	10	0	0.0	0.0	False	train
26794673.3223.3223	civil	0	9	0	0.0	0.0	False	train
267971423.277.254	civil	0	13	13	0.3889421	0.12193158861538461	True	train
26815453.51996.51996	civil	0	4	4	0.13589947	0.0582764875	True	train
26825356.2718.2713	civil	0	6	0	0.0	0.0	False	train
268740343.18901.18901	derailed	1	8	8	0.78217274	0.157621275	True	train
26892383.21548.21548	civil	0	7	0	0.0	0.0	False	train
26894863.52416.1542	derailed	1	6	6	0.64452356	0.17323631166666664	True	train
269086658.524.524	derailed	1	8	0	0.0	0.0	False	train
269156482.14986.14986	civil	0	8	0	0.0	0.0	False	train
269657220.73766.73766	derailed	1	11	0	0.0	0.0	False	train
269677117.10123.10123	civil	0	6	6	0.08154141	0.03961490433333333	True	train
269751018.227771.227771	civil	0	6	0	0.0	0.0	False	train
269894650.1070.1070	derailed	1	8	0	0.0	0.0	False	train
270177839.28034.28034	civil	0	9	9	0.25510174	0.11999670999999999	True	train
270297655.120641.120641	derailed	1	6	0	0.0	0.0	False	train
270363544.9835.9835	civil	0	7	0	0.0	0.0	False	train
270629203.4318.4318	civil	0	7	7	0.19231045	0.079400827	True	train
270702530.19384.19384	derailed	1	7	0	0.0	0.0	False	train
271340377.69106.69106	civil	0	5	5	0.036962617	0.02348403	True	train
272402334.14322.14322	civil	0	7	0	0.0	0.0	False	train
272521689.58179.58179	civil	0	12	0	0.0	0.0	False	train
272587843.99238.99238	civil	0	11	0	0.0	0.0	False	train
272601117.6008.6008	derailed	1	10	0	0.0	0.0	False	train
272953472.1207.1207	derailed	1	5	5	0.76823187	0.33975378999999994	True	train
273058421.30426.30426	derailed	1	6	6	0.0	0.0	True	train
273253859.20177.20177	civil	0	10	0	0.0	0.0	False	train
273276496.704.704	derailed	1	5	5	0.64899623	0.240374832	True	train
273320587.1690.1690	civil	0	4	4	0.562779	0.15361175375	True	train
273753370.998.998	civil	0	5	5	0.12142175	0.05677031019999999	True	train
273791406.26159.26159	civil	0	10	0	0.0	0.0	False	train
273826842.133960.133960	derailed	1	9	0	0.0	0.0	False	train
274025382.1006.1006	civil	0	7	7	0.34152484	0.09096416671428573	True	train
27449844.43477.43477	civil	0	6	0	0.0	0.0	False	train
2747530.25395.25361	civil	0	7	0	0.0	0.0	False	train
2748398.29646.29646	derailed	1	10	0	0.0	0.0	False	train
274927784.32062.32062	derailed	1	10	0	0.0	0.0	False	train
275318819.86311.86311	derailed	1	8	0	0.0	0.0	False	train
275409490.16844.16844	civil	0	5	5	0.0	0.0	True	train
275525233.1898.1898	derailed	1	8	8	0.60783094	0.18257930975	True	train
275729431.56050.56050	civil	0	5	5	0.16110283	0.0504026742	True	train
276035589.473.473	civil	0	5	5	0.13114937	0.0390991424	True	train
276383623.92560.92560	derailed	1	7	0	0.0	0.0	False	train
276389286.25164.25164	civil	0	7	7	0.121031426	0.06747409928571428	True	train
276525094.93090.93090	derailed	1	6	0	0.0	0.0	False	train
276546666.17373.17373	civil	0	8	0	0.0	0.0	False	train
27661568.15078.15078	derailed	1	6	6	0.6590772	0.21807804	True	train
276651654.19059.19059	civil	0	6	0	0.0	0.0	False	train
276900440.116406.116406	civil	0	10	0	0.0	0.0	False	train
276984138.99564.99564	civil	0	6	0	0.0	0.0	False	train
277132168.5865.5865	civil	0	6	6	0.08472335	0.0386448636	True	train
277455799.27313.27313	derailed	1	6	6	0.6084648	0.15870578633333335	True	train
277904646.63907.63907	derailed	1	13	13	0.73544264	0.18090546	True	train
277910237.62434.62434	civil	0	9	0	0.0	0.0	False	train
278153100.94321.94321	civil	0	6	0	0.0	0.0	False	train
27845708.69159.69159	derailed	1	9	0	0.0	0.0	False	train
279106113.3752.3752	derailed	1	7	0	0.0	0.0	False	train
279283652.77456.77456	civil	0	6	0	0.0	0.0	False	train
2794797.75760.75760	derailed	1	8	0	0.0	0.0	False	train
279524085.182129.181442	civil	0	8	0	0.0	0.0	False	train
279878866.4092.4092	civil	0	5	5	0.0	0.0	True	train
280240039.94770.94770	civil	0	6	0	0.0	0.0	False	train
280446114.31110.30927	derailed	1	6	0	0.0	0.0	False	train
280499001.87002.87002	derailed	1	10	0	0.0	0.0	False	train
281025461.26996.26996	derailed	1	6	0	0.0	0.0	False	train
281227082.22660.22660	derailed	1	9	0	0.0	0.0	False	train
281389431.12597.12597	civil	0	3	3	0.3760693094876338	0.1800841471099656	True	train
281527053.52918.52918	derailed	1	7	0	0.0	0.0	False	train
281703505.37392.37392	derailed	1	10	0	0.0	0.0	False	train
281923225.166.0	derailed	1	7	0	0.0	0.0	False	train
28232293.14627.14627	derailed	1	7	0	0.0	0.0	False	train
282965164.106696.106696	derailed	1	9	0	0.0	0.0	False	train
283272872.4103.4103	civil	0	6	0	0.0	0.0	False	train
2836019.94718.94718	civil	0	9	0	0.0	0.0	False	train
283995851.40608.40608	civil	0	9	0	0.0	0.0	False	train
284048492.7851.7851	derailed	1	6	0	0.0	0.0	False	train
284064019.15811.15803	civil	0	6	6	0.18999496	0.10162326333333332	True	train
284170457.107803.107803	civil	0	10	0	0.0	0.0	False	train
28475482.19751.19751	derailed	1	7	0	0.0	0.0	False	train
284756758.130.130	derailed	1	8	0	0.0	0.0	False	train
284801036.8001.8001	civil	0	4	4	0.30117408898460235	0.17214862268630032	True	train
284929874.94.94	civil	0	6	0	0.0	0.0	False	train
284929887.15218.15218	derailed	1	10	0	0.0	0.0	False	train
284981353.36699.36699	civil	0	9	0	0.0	0.0	False	train
285102889.58627.58627	civil	0	11	0	0.0	0.0	False	train
285124538.61515.61515	derailed	1	10	0	0.0	0.0	False	train
285155405.59178.59178	derailed	1	8	0	0.0	0.0	False	train
285576876.11141.11086	derailed	1	9	0	0.0	0.0	False	train
285666568.32074.32074	derailed	1	11	0	0.0	0.0	False	train
285727338.343.343	derailed	1	9	0	0.0	0.0	False	train
286310174.73107.73107	civil	0	6	0	0.0	0.0	False	train
28638086.2169.2170	derailed	1	8	0	0.0	0.0	False	train
286441274.88238.88238	civil	0	10	0	0.0	0.0	False	train
286612345.67610.67610	civil	0	6	0	0.0	0.0	False	train
286646807.29514.29514	civil	0	7	0	0.0	0.0	False	train
286650485.96918.96927	derailed	1	7	0	0.0	0.0	False	train
28668126.1829.1829	civil	0	6	0	0.0	0.0	False	train
286761180.8636.8636	derailed	1	8	8	0.7727331999999999	0.1961492855	True	train
286766369.30404.30404	derailed	1	8	0	0.0	0.0	False	train
286838772.120623.120623	civil	0	7	0	0.0	0.0	False	train
286885447.4281.4281	derailed	1	6	0	0.0	0.0	False	train
287030104.15570.15570	civil	0	11	11	0.3889421	0.10532229081818181	True	train
287098797.16221.16221	derailed	1	4	4	0.951227	0.2632121315	True	train
288007679.7609.7609	derailed	1	6	0	0.0	0.0	False	train
288190848.21383.21383	civil	0	8	0	0.0	0.0	False	train
288251869.7858.7858	derailed	1	7	0	0.0	0.0	False	train
28835125.4162.4162	derailed	1	5	5	0.6771105	0.182879262	True	train
288525906.13902.13902	derailed	1	6	0	0.0	0.0	False	train
288566610.12241.12241	derailed	1	5	5	0.6485619	0.1540090086	True	train
288655305.38122.38122	civil	0	5	5	0.24912873930837345	0.124740890588805	True	train
28901488.112524.112524	civil	0	8	0	0.0	0.0	False	train
289317308.13300.13300	civil	0	6	0	0.0	0.0	False	train
28936311.177.179	derailed	1	7	7	0.78130203	0.1710087302857143	True	train
289437727.9566.9566	civil	0	4	4	0.12310407	0.05012691425	True	train
289524595.146588.146588	derailed	1	9	0	0.0	0.0	False	train
289646513.12638.12638	civil	0	4	4	0.11726449	0.03880125325	True	train
289823764.30121.30121	derailed	1	6	0	0.0	0.0	False	train
289911799.5115.5115	derailed	1	6	6	0.6454156999999999	0.13915858483333332	True	train
289947292.4473.4473	derailed	1	7	0	0.0	0.0	False	train
2900424.2344.2344	civil	0	6	0	0.0	0.0	False	train
291124902.14213.14213	civil	0	8	0	0.0	0.0	False	train
291255336.112388.112388	derailed	1	7	0	0.0	0.0	False	train
291646170.85490.85490	civil	0	8	0	0.0	0.0	False	train
291753275.17528.19444	derailed	1	7	0	0.0	0.0	False	train
291906834.15472.15472	civil	0	4	4	0.23754409	0.13257022	True	train
292012508.4356.4356	civil	0	4	4	0.23754409	0.07622314250000001	True	train
292222895.4877.4877	derailed	1	6	6	0.6814275	0.14703392816666666	True	train
2923869.37136.37136	derailed	1	8	0	0.0	0.0	False	train
292630982.124262.124262	derailed	1	8	0	0.0	0.0	False	train
29345353.3164.3164	civil	0	6	0	0.0	0.0	False	train
293670317.7380.7380	derailed	1	6	0	0.0	0.0	False	train
293766413.23161.23161	civil	0	8	8	0.11691725	0.0510205755	True	train
294034026.26110.26110	derailed	1	10	10	0.6843286	0.1177261836	True	train
294442812.538.538	derailed	1	7	0	0.0	0.0	False	train
29448932.46437.46437	derailed	1	10	0	0.0	0.0	False	train
2946917.60879.60879	civil	0	9	0	0.0	0.0	False	train
295324539.37677.37677	civil	0	4	4	0.0	0.0	True	train
295448364.21030.21030	derailed	1	6	6	0.7892325	0.14979971016666668	True	train
296103800.162185.162185	derailed	1	11	0	0.0	0.0	False	train
296174981.366.366	civil	0	9	0	0.0	0.0	False	train
296383590.211149.211149	civil	0	11	0	0.0	0.0	False	train
29717454.0.0	civil	0	6	0	0.0	0.0	False	train
297442170.199.199	derailed	1	7	7	0.6439149000000001	0.20259299557142857	True	train
297534624.9845.9845	derailed	1	6	6	0.6197453	0.22362509766666663	True	train
29762936.58620.58620	derailed	1	7	0	0.0	0.0	False	train
29765391.0.0	civil	0	6	0	0.0	0.0	False	train
297725189.64722.64722	derailed	1	17	17	0.908654	0.1472068374117647	True	train
297852672.39555.39555	derailed	1	11	0	0.0	0.0	False	train
297948782.122007.122007	derailed	1	11	0	0.0	0.0	False	train
298093721.9238.9238	civil	0	7	0	0.0	0.0	False	train
298146594.1688.1688	derailed	1	5	5	0.950479	0.22841269400000003	True	train
298654006.10288.10288	civil	0	6	6	0.060102653	0.02473280426666667	True	train
2989029.0.0	derailed	1	11	0	0.0	0.0	False	train
29927526.85050.85050	civil	0	9	0	0.0	0.0	False	train
299563638.2648.2648	civil	0	4	4	0.19021818	0.06429769225	True	train
300606646.36798.36798	civil	0	7	0	0.0	0.0	False	train
300727952.3958.3958	derailed	1	6	6	0.73544264	0.15021655283333335	True	train
300914163.6359.6359	civil	0	4	4	0.13591488978731464	0.07467385283902694	True	train
30093417.947.865	civil	0	7	0	0.0	0.0	False	train
301095343.9446.9446	civil	0	7	0	0.0	0.0	False	train
301311564.1463.1463	derailed	1	7	7	0.9027101	0.19645765057142858	True	train
301551564.18170.18170	civil	0	4	4	0.020530568	0.010402089900000001	True	train
302146682.206287.206287	civil	0	6	0	0.0	0.0	False	train
30225097.631.631	civil	0	7	0	0.0	0.0	False	train
302304761.166423.166423	civil	0	6	0	0.0	0.0	False	train
302388677.246871.246871	derailed	1	6	0	0.0	0.0	False	train
302502401.42882.42882	civil	0	6	0	0.0	0.0	False	train
302538703.13243.13243	derailed	1	9	0	0.0	0.0	False	train
302968254.25234.25234	civil	0	6	0	0.0	0.0	False	train
303058275.46510.46510	civil	0	8	0	0.0	0.0	False	train
303152228.100312.100259	civil	0	7	0	0.0	0.0	False	train
303373601.29884.29884	derailed	1	12	12	0.617273	0.07548087808333333	True	train
303378306.30420.30420	civil	0	19	19	0.10918874	0.03369316657894737	True	train
303630750.4946.4946	derailed	1	5	5	0.7791592284938127	0.23790070418944903	True	train
303753770.5587.5587	civil	0	7	7	0.237544090854	0.11500251262881366	True	train
303859937.222.222	derailed	1	6	0	0.0	0.0	False	train
303957324.19810.19810	derailed	1	8	8	0.77587414	0.159390531	True	train
303974195.20.20	civil	0	10	0	0.0	0.0	False	train
304172801.16750.16750	derailed	1	6	0	0.0	0.0	False	train
304247607.4194.4194	derailed	1	9	0	0.0	0.0	False	train
304520226.4242.4242	derailed	1	4	4	0.78609854	0.2724801375	True	train
30468327.83369.83369	civil	0	10	0	0.0	0.0	False	train
30500497.94280.94280	derailed	1	7	0	0.0	0.0	False	train
30546967.19522.19522	civil	0	7	0	0.0	0.0	False	train
305539768.336586.336586	civil	0	10	0	0.0	0.0	False	train
306380568.297.297	derailed	1	6	0	0.0	0.0	False	train
30692022.58141.58141	derailed	1	6	0	0.0	0.0	False	train
307138529.11145.11145	civil	0	10	0	0.0	0.0	False	train
307409332.116582.116582	civil	0	8	0	0.0	0.0	False	train
30753851.99112.99112	civil	0	8	0	0.0	0.0	False	train
3079144.12183.12183	derailed	1	10	0	0.0	0.0	False	train
308408481.528.528	civil	0	7	0	0.0	0.0	False	train
308547937.619.619	derailed	1	5	5	0.6095317473761596	0.28330023931662257	True	train
308951641.17539.17539	derailed	1	3	3	0.902710108441	0.35713585833150446	True	train
309087268.51708.51708	civil	0	7	0	0.0	0.0	False	train
309739682.359.144674	civil	0	10	0	0.0	0.0	False	train
309799694.118610.118610	civil	0	11	0	0.0	0.0	False	train
309872749.134064.134064	derailed	1	8	0	0.0	0.0	False	train
309962342.26077.26077	derailed	1	9	0	0.0	0.0	False	train
310191677.7373.7373	civil	0	4	4	0.13341229	0.06037287225	True	train
310303100.20893.20893	derailed	1	7	0	0.0	0.0	False	train
310432282.4023.4023	civil	0	6	6	0.19305603	0.08493928333333334	True	train
310526402.106008.106008	civil	0	8	0	0.0	0.0	False	train
310555001.111488.111488	derailed	1	8	0	0.0	0.0	False	train
310586657.7320.7320	derailed	1	5	5	0.82595015	0.26592726000000005	True	train
3107123.27071.27071	civil	0	9	0	0.0	0.0	False	train
31095176.35852.35852	civil	0	11	0	0.0	0.0	False	train
311035231.55646.55646	civil	0	8	8	0.1282426	0.0503345513125	True	train
31106181.66986.66986	derailed	1	6	0	0.0	0.0	False	train
311233422.1251.1251	civil	0	3	3	0.046372796815357685	0.04051636214541998	True	train
311369389.67443.67443	civil	0	4	4	0.042226747	0.022009690075	True	train
311434531.10907.10907	derailed	1	16	16	0.93065494	0.1346761640625	True	train
311971505.69995.69995	civil	0	10	0	0.0	0.0	False	train
31243567.119526.119523	derailed	1	6	0	0.0	0.0	False	train
312488039.8011.8011	derailed	1	11	0	0.0	0.0	False	train
31260640.1503.1503	derailed	1	7	0	0.0	0.0	False	train
312844590.31027.31027	derailed	1	8	0	0.0	0.0	False	train
312857093.338.338	civil	0	10	0	0.0	0.0	False	train
313039790.17289.17289	civil	0	8	0	0.0	0.0	False	train
313175753.27706.27706	civil	0	4	4	0.23062506	0.07175398300000001	True	train
31340962.2124.2124	civil	0	6	0	0.0	0.0	False	train
313653896.28410.28410	derailed	1	9	0	0.0	0.0	False	train
313734925.63585.63585	derailed	1	11	0	0.0	0.0	False	train
314467639.96173.96173	derailed	1	7	0	0.0	0.0	False	train
31469505.2665.2665	derailed	1	8	0	0.0	0.0	False	train
314955178.1235.1028	derailed	1	6	6	0.67711049373	0.17716940999930583	True	train
314955178.5385.4675	derailed	1	8	0	0.0	0.0	False	train
315025554.6590.6590	derailed	1	6	6	0.73544264	0.2605350676666667	True	train
315070204.6725.6725	civil	0	7	7	0.3739696	0.1684742257142857	True	train
31519939.70609.70609	derailed	1	7	0	0.0	0.0	False	train
31521591.794.794	civil	0	4	4	0.055135325	0.02822646975	True	train
315287769.101858.101858	derailed	1	11	0	0.0	0.0	False	train
315483727.17399.17399	civil	0	4	4	0.0	0.0	True	train
316041407.7114.7114	derailed	1	7	7	0.60783094	0.23852276342857145	True	train
316091311.7720.7582	civil	0	4	4	0.0	0.0	True	train
31619004.3644.3644	civil	0	7	7	0.0	0.0	True	train
316980186.27326.27336	civil	0	3	3	0.11881833	0.08998885000000001	True	train
3170561.10570.10570	derailed	1	7	0	0.0	0.0	False	train
317101728.18956.18956	derailed	1	3	3	0.9223584008772808	0.417628809335122	True	train
31730626.5117.5117	civil	0	5	5	0.09199916	0.0437730362	True	train
318028459.38631.38631	derailed	1	5	5	0.9027101	0.2278205478	True	train
318141830.5953.5953	civil	0	7	7	0.30325922	0.13594923571428572	True	train
318743524.23168.23168	derailed	1	10	0	0.0	0.0	False	train
318749222.42100.42100	civil	0	10	0	0.0	0.0	False	train
318884405.42022.42022	derailed	1	7	7	0.7852085999999999	0.22740039714285715	True	train
31910797.115.115	civil	0	7	0	0.0	0.0	False	train
31963153.6450.6450	civil	0	7	0	0.0	0.0	False	train
319640305.1045.61	civil	0	10	0	0.0	0.0	False	train
319640305.532.61	derailed	1	8	0	0.0	0.0	False	train
31981014.6992.6992	derailed	1	6	0	0.0	0.0	False	train
319812368.12109.12109	civil	0	8	0	0.0	0.0	False	train
320039966.3549.3549	civil	0	5	5	0.24733272669885906	0.11075631807429358	True	train
320094336.4883.4883	derailed	1	6	6	0.6418228	0.19458064816666668	True	train
320251126.19814.19814	civil	0	4	4	0.08262178912619544	0.03419895826309986	True	train
320351550.101714.101714	derailed	1	9	0	0.0	0.0	False	train
32038624.63259.63259	civil	0	7	0	0.0	0.0	False	train
320796371.21763.21763	civil	0	7	0	0.0	0.0	False	train
320799226.22078.22078	derailed	1	7	0	0.0	0.0	False	train
32090210.24266.24266	derailed	1	7	0	0.0	0.0	False	train
320926675.13624.13460	derailed	1	5	5	0.77587414	0.26248994259999997	True	train
321010577.39082.39082	civil	0	10	10	0.14325261	0.056640546300000004	True	train
32102304.27249.27249	civil	0	7	0	0.0	0.0	False	train
321816439.38850.38850	derailed	1	7	7	0.8239534	0.22491499357142855	True	train
322161962.9817.9817	civil	0	4	4	0.19720542	0.10175506649999999	True	train
32216454.5653.5653	civil	0	7	0	0.0	0.0	False	train
32226089.34475.34475	derailed	1	9	0	0.0	0.0	False	train
322317865.91486.91486	derailed	1	9	0	0.0	0.0	False	train
322358989.5975.5975	derailed	1	7	7	0.7269637	0.15930258285714285	True	train
322382941.0.0	derailed	1	6	6	0.9724302	0.2396734765	True	train
322691493.96849.96849	derailed	1	10	0	0.0	0.0	False	train
322708569.51191.51191	derailed	1	10	0	0.0	0.0	False	train
32302663.8843.8843	derailed	1	6	6	0.729694	0.32522724000000003	True	train
32306131.4451.4451	derailed	1	6	0	0.0	0.0	False	train
323100662.61075.56233	civil	0	6	0	0.0	0.0	False	train
323728504.18165.18165	civil	0	6	0	0.0	0.0	False	train
323735621.163644.163644	derailed	1	10	0	0.0	0.0	False	train
323819947.7048.7048	derailed	1	11	11	0.61077386	0.108665069	True	train
324034622.5371.5371	derailed	1	7	7	0.8016270000000001	0.1589885515714286	True	train
324215291.8824.8824	civil	0	4	4	0.033418205	0.02150425975	True	train
324292726.31242.31242	derailed	1	6	0	0.0	0.0	False	train
324569832.859.859	civil	0	6	6	0.055956006	0.027701386499999998	True	train
32487714.5257.5257	derailed	1	8	0	0.0	0.0	False	train
325201958.5492.5492	derailed	1	4	4	0.9144245	0.31491952025	True	train
325209973.9766.9766	derailed	1	4	4	0.6486651	0.17636335025	True	train
32533846.7956.7956	derailed	1	6	6	0.0	0.0	True	train
325493069.24533.24533	civil	0	4	4	0.07058906	0.04304135675	True	train
325725436.7007.7007	civil	0	4	4	0.1899747	0.0700256555	True	train
326037660.76322.76322	civil	0	11	0	0.0	0.0	False	train
326396799.59896.59896	civil	0	6	0	0.0	0.0	False	train
326601085.7426.7426	civil	0	4	4	0.21750157	0.0621913555	True	train
326717186.115.115	civil	0	5	5	0.14565311	0.058975079599999994	True	train
327255584.24.24	derailed	1	5	5	0.9883419	0.2846316576	True	train
327377531.3612.3612	civil	0	8	8	0.13000649	0.052743561125000005	True	train
327532554.4437.4437	derailed	1	7	0	0.0	0.0	False	train
327675250.79784.79784	civil	0	8	0	0.0	0.0	False	train
327747674.10.16	civil	0	3	3	0.1975764192856482	0.0772953100970839	True	train
327954941.103835.103835	derailed	1	7	0	0.0	0.0	False	train
328100374.7624.7624	derailed	1	6	6	0.8131369	0.27566005666666665	True	train
328290158.11714.11714	derailed	1	7	7	0.6289538126784686	0.20655082644644399	True	train
328361104.48038.48038	civil	0	11	0	0.0	0.0	False	train
32867290.17860.17860	civil	0	6	0	0.0	0.0	False	train
328833625.31131.31131	civil	0	11	0	0.0	0.0	False	train
328937880.64292.64292	derailed	1	11	0	0.0	0.0	False	train
328998599.40430.40430	civil	0	8	0	0.0	0.0	False	train
329407476.151619.151619	derailed	1	6	0	0.0	0.0	False	train
32969593.31646.31646	derailed	1	7	0	0.0	0.0	False	train
329764865.9821.9821	civil	0	4	4	0.042749472	0.02538111575	True	train
329808937.54123.54123	derailed	1	8	0	0.0	0.0	False	train
329906881.31616.31616	derailed	1	7	0	0.0	0.0	False	train
330374968.13787.13789	derailed	1	4	4	0.0	0.0	True	train
33046516.0.0	derailed	1	6	0	0.0	0.0	False	train
330510349.3683.3683	derailed	1	6	6	0.7386498342572687	0.1957269852576351	True	train
330602562.29460.29460	civil	0	6	0	0.0	0.0	False	train
330612945.15042.15042	civil	0	4	4	0.09013936183484944	0.029360773447145473	True	train
330717204.32361.32361	derailed	1	6	0	0.0	0.0	False	train
330980885.2806.2806	civil	0	5	5	0.12832881485539666	0.06387128711329755	True	train
331148644.595.595	derailed	1	5	5	0.8123623999999999	0.23746471799999996	True	train
331165989.12683.12683	civil	0	8	0	0.0	0.0	False	train
33128995.5275.5275	derailed	1	4	4	0.75133264	0.20706629675	True	train
33156616.3157.3157	civil	0	6	0	0.0	0.0	False	train
331652375.7889.7889	civil	0	7	0	0.0	0.0	False	train
331876644.18982.18982	derailed	1	8	0	0.0	0.0	False	train
331905969.37713.37713	civil	0	11	0	0.0	0.0	False	train
331977870.34.16	derailed	1	6	0	0.0	0.0	False	train
332073264.46576.46576	civil	0	7	0	0.0	0.0	False	train
332350407.688.688	derailed	1	6	0	0.0	0.0	False	train
33239804.93286.93286	derailed	1	7	0	0.0	0.0	False	train
3325287.86720.86720	derailed	1	8	0	0.0	0.0	False	train
332914510.57874.57874	derailed	1	6	0	0.0	0.0	False	train
333679737.393932.393932	derailed	1	7	0	0.0	0.0	False	train
333681678.395819.395767	civil	0	6	0	0.0	0.0	False	train
333772500.10419.10419	civil	0	7	0	0.0	0.0	False	train
333853.0.0	civil	0	7	0	0.0	0.0	False	train
334279383.64069.64069	civil	0	6	0	0.0	0.0	False	train
334352973.10403.10403	derailed	1	6	6	0.9241788	0.19209922166666668	True	train
334523903.54266.54266	derailed	1	11	0	0.0	0.0	False	train
334576042.59263.59263	civil	0	6	0	0.0	0.0	False	train
334577218.13132.13132	civil	0	9	9	0.23754409	0.0958376348888889	True	train
334586852.16024.16024	derailed	1	4	4	0.9877896201086904	0.28253140379064334	True	train
334586945.13521.13521	derailed	1	5	5	0.9836753	0.255346414	True	train
334755568.580753.580753	civil	0	9	0	0.0	0.0	False	train
334887359.26216.26216	civil	0	8	0	0.0	0.0	False	train
334962246.593970.593970	derailed	1	11	0	0.0	0.0	False	train
335010500.573223.566159	derailed	1	7	0	0.0	0.0	False	train
335037420.597150.597150	civil	0	7	0	0.0	0.0	False	train
335963042.17736.17736	civil	0	6	0	0.0	0.0	False	train
336219752.15629.15629	civil	0	4	4	0.35094970000000003	0.13801681075	True	train
33627446.7503.7503	civil	0	7	0	0.0	0.0	False	train
336323359.6050.6050	civil	0	5	5	0.2972492	0.1254138756	True	train
336425711.5534.5534	derailed	1	8	0	0.0	0.0	False	train
336436942.3657.3657	derailed	1	10	0	0.0	0.0	False	train
336553167.12996.13006	derailed	1	4	4	0.0	0.0	True	train
336583083.8382.8382	derailed	1	5	5	0.7009271	0.210739008	True	train
336592480.11654.11654	civil	0	13	0	0.0	0.0	False	train
336595255.8284.8284	civil	0	4	4	0.06707785	0.0389304335	True	train
33659802.21598.21598	civil	0	8	0	0.0	0.0	False	train
336604908.8548.8548	derailed	1	5	5	0.6265925999999999	0.1434556126	True	train
336739772.42259.42259	civil	0	10	0	0.0	0.0	False	train
336871240.3829.3829	civil	0	6	6	0.3482193017936572	0.15169436180154572	True	train
337388037.12225.12225	derailed	1	5	5	0.8449399999999999	0.2048938356	True	train
337495005.6435.6435	derailed	1	6	0	0.0	0.0	False	train
337664506.20.20	civil	0	7	0	0.0	0.0	False	train
337813018.13563.13563	civil	0	5	5	0.056370456	0.0370696664	True	train
337846361.69.69	civil	0	6	0	0.0	0.0	False	train
337863577.3998.3998	civil	0	5	5	0.0	0.0	True	train
338108555.41642.41642	civil	0	8	0	0.0	0.0	False	train
338616755.20076.20076	derailed	1	7	0	0.0	0.0	False	train
338728885.27862.27862	derailed	1	9	0	0.0	0.0	False	train
339153648.13082.13082	civil	0	9	9	0.30128223	0.06751236544444444	True	train
339476612.25907.25907	derailed	1	10	0	0.0	0.0	False	train
33982772.724.724	derailed	1	6	0	0.0	0.0	False	train
340043701.619.619	civil	0	8	0	0.0	0.0	False	train
340044593.0.0	derailed	1	10	0	0.0	0.0	False	train
340048044.28698.28427	derailed	1	7	0	0.0	0.0	False	train
340451111.26952.26952	derailed	1	7	0	0.0	0.0	False	train
340479127.12649.12649	derailed	1	7	0	0.0	0.0	False	train
340645802.66041.66041	derailed	1	6	0	0.0	0.0	False	train
340650593.117553.117553	civil	0	10	0	0.0	0.0	False	train
340707269.3750.3750	derailed	1	4	4	0.7447962011357052	0.20432226192100006	True	train
340764586.82998.82998	civil	0	6	0	0.0	0.0	False	train
34084371.3170.3170	civil	0	6	0	0.0	0.0	False	train
341460978.7463.7463	civil	0	4	4	0.122014646425258	0.06807135997529412	True	train
341845466.19011.19011	derailed	1	8	0	0.0	0.0	False	train
342127193.2653.2653	derailed	1	6	6	0.9509717	0.30612447800000003	True	train
342168220.12477.12477	derailed	1	4	4	0.9105622	0.27867531	True	train
342231636.4813.4813	derailed	1	3	3	0.6685630889725465	0.29854376653090653	True	train
34321014.11100.11100	derailed	1	4	4	0.0	0.0	True	train
343425520.1149.1149	derailed	1	7	0	0.0	0.0	False	train
343455114.104325.104325	civil	0	8	0	0.0	0.0	False	train
34346537.10824.10824	civil	0	6	0	0.0	0.0	False	train
34364810.2636.2636	civil	0	10	0	0.0	0.0	False	train
343657217.2908.2908	derailed	1	8	0	0.0	0.0	False	train
343780972.17985.17985	derailed	1	5	5	0.8761376000000001	0.2786549272	True	train
344232860.11160.11160	civil	0	9	0	0.0	0.0	False	train
344378989.37035.37035	civil	0	6	0	0.0	0.0	False	train
344661920.28747.28747	civil	0	7	7	0.05726311	0.03770305457142857	True	train
34475659.60604.60604	derailed	1	10	10	0.98424	0.26573847209999996	True	train
344764263.3428.3428	civil	0	9	0	0.0	0.0	False	train
344890724.12671.12671	civil	0	5	5	0.0	0.0	True	train
344908236.34397.34397	civil	0	10	0	0.0	0.0	False	train
345292304.3937.3937	civil	0	6	6	0.13781506538078606	0.06170136915562597	True	train
345388997.954.954	civil	0	4	4	0.10853713	0.0512336785	True	train
345472052.2707.2707	civil	0	7	7	0.0	0.0	True	train
345610152.12013.12013	civil	0	10	0	0.0	0.0	False	train
3456847.14695.14695	derailed	1	7	0	0.0	0.0	False	train
345836163.5110.5110	civil	0	4	4	0.05673019	0.030434788499999997	True	train
345865796.10109.10109	civil	0	6	0	0.0	0.0	False	train
345867158.10705.10705	derailed	1	6	0	0.0	0.0	False	train
346030328.40481.40481	derailed	1	11	0	0.0	0.0	False	train
346060734.5515.5515	civil	0	8	0	0.0	0.0	False	train
34637616.22847.22847	civil	0	8	0	0.0	0.0	False	train
346385683.29536.29536	derailed	1	6	0	0.0	0.0	False	train
346453406.33197.33197	civil	0	9	0	0.0	0.0	False	train
34667822.5116.5116	civil	0	6	0	0.0	0.0	False	train
346797919.9686.9686	civil	0	5	5	0.16003682936871705	0.1009904117746954	True	train
347432697.31677.31677	civil	0	9	0	0.0	0.0	False	train
348174780.2482.2482	civil	0	5	5	0.067779325	0.029201903260000002	True	train
348330368.1486.1486	derailed	1	4	4	0.8216480704827149	0.33668638930874717	True	train
348565456.8437.8437	derailed	1	5	5	0.644523548297	0.27134093025774814	True	train
34859078.115666.115666	derailed	1	6	0	0.0	0.0	False	train
348829120.23977.23977	derailed	1	9	9	0.7009271	0.1490638211111111	True	train
349101832.14271.14271	derailed	1	8	0	0.0	0.0	False	train
350236750.83554.83562	derailed	1	9	0	0.0	0.0	False	train
350286982.20654.20654	derailed	1	5	5	0.77587414	0.17068044799999998	True	train
35090357.0.0	derailed	1	8	0	0.0	0.0	False	train
350919846.97689.97689	derailed	1	9	0	0.0	0.0	False	train
35115061.7891.7650	derailed	1	7	0	0.0	0.0	False	train
352379227.40266.40168	derailed	1	10	0	0.0	0.0	False	train
353386477.12007.12007	derailed	1	8	8	0.644678	0.1400591745	True	train
353902707.3355.3355	derailed	1	7	7	0.7009271	0.17386910257142857	True	train
353915416.4547.4547	civil	0	5	5	0.23754409	0.10393827500000001	True	train
354488901.139567.139567	derailed	1	9	0	0.0	0.0	False	train
355388338.20794.20794	derailed	1	8	0	0.0	0.0	False	train
35600722.17898.17898	derailed	1	6	0	0.0	0.0	False	train
356031930.18626.18626	derailed	1	7	0	0.0	0.0	False	train
356138808.60462.60462	civil	0	6	0	0.0	0.0	False	train
35659323.6895.6895	civil	0	6	0	0.0	0.0	False	train
356713526.121732.121732	derailed	1	7	0	0.0	0.0	False	train
356844998.43755.43755	derailed	1	9	0	0.0	0.0	False	train
35705418.23640.23640	civil	0	6	0	0.0	0.0	False	train
357074359.74312.74312	civil	0	6	0	0.0	0.0	False	train
357158057.152895.152895	civil	0	6	0	0.0	0.0	False	train
357207414.4917.4917	derailed	1	5	5	0.78282344	0.237672513	True	train
357304670.4310.4310	civil	0	4	4	0.11475867	0.039422566	True	train
357428043.11434.11434	civil	0	6	0	0.0	0.0	False	train
357625082.107938.107938	civil	0	6	0	0.0	0.0	False	train
357881093.120145.120145	derailed	1	6	0	0.0	0.0	False	train
359007888.120241.120241	civil	0	7	0	0.0	0.0	False	train
35920178.570.0	civil	0	7	0	0.0	0.0	False	train
359315841.127973.127973	derailed	1	7	0	0.0	0.0	False	train
359613718.211156.211156	civil	0	6	0	0.0	0.0	False	train
360010363.9905.9905	derailed	1	7	0	0.0	0.0	False	train
36100874.3751.3751	derailed	1	6	6	0.7691393	0.27509011050000004	True	train
361285005.13590.13590	civil	0	6	6	0.20564242	0.08625505016666667	True	train
36177740.22903.22903	derailed	1	7	0	0.0	0.0	False	train
361862079.31629.31629	civil	0	7	0	0.0	0.0	False	train
362194337.10549.10549	civil	0	9	0	0.0	0.0	False	train
362518311.4692.4692	derailed	1	8	8	0.82472473	0.29423227375	True	train
362589694.47677.47677	civil	0	9	0	0.0	0.0	False	train
362664762.6573.6573	civil	0	11	11	0.26575828	0.13468084654545456	True	train
36268090.17743.17743	derailed	1	10	0	0.0	0.0	False	train
362712624.135130.135130	derailed	1	9	0	0.0	0.0	False	train
362715175.135846.135846	civil	0	6	0	0.0	0.0	False	train
363001793.73066.73066	derailed	1	6	0	0.0	0.0	False	train
36302778.10910.10910	derailed	1	7	0	0.0	0.0	False	train
363511669.154504.154504	derailed	1	7	0	0.0	0.0	False	train
363518015.162670.162670	civil	0	7	0	0.0	0.0	False	train
363602652.744.744	derailed	1	8	0	0.0	0.0	False	train
363633613.38207.38207	derailed	1	9	0	0.0	0.0	False	train
36439774.4159.4159	civil	0	4	4	0.5773111	0.22083375249999998	True	train
364501079.2068.2068	civil	0	9	9	0.124024770604012	0.04839400035130689	True	train
36453327.8448.8448	civil	0	5	5	0.051000305	0.0288313178	True	train
36484797.6510.6510	derailed	1	6	0	0.0	0.0	False	train
36513759.34655.34655	civil	0	10	0	0.0	0.0	False	train
365398438.20564.20564	civil	0	9	0	0.0	0.0	False	train
36583212.9303.9303	derailed	1	6	6	0.6235394000000001	0.12646357233333336	True	train
36609241.140684.140684	civil	0	7	0	0.0	0.0	False	train
367094404.43385.43385	civil	0	8	0	0.0	0.0	False	train
367212234.32386.32386	civil	0	6	0	0.0	0.0	False	train
367283956.7229.7229	derailed	1	6	0	0.0	0.0	False	train
367507017.17295.17295	derailed	1	5	5	0.62286925	0.20370444000000001	True	train
367750069.1458.1458	civil	0	4	4	0.08525642	0.0295751015	True	train
367904549.120463.120463	civil	0	12	0	0.0	0.0	False	train
367935035.5156.5156	civil	0	5	5	0.11682909	0.050209920799999995	True	train
368592398.300018.300018	derailed	1	8	0	0.0	0.0	False	train
368663770.40050.40050	derailed	1	7	0	0.0	0.0	False	train
368677635.335865.335865	civil	0	8	0	0.0	0.0	False	train
368853045.12992.12992	civil	0	7	0	0.0	0.0	False	train
369451268.11110.11110	civil	0	6	0	0.0	0.0	False	train
37024991.30391.30391	derailed	1	8	8	0.73455805	0.164371464375	True	train
370454238.40262.40262	derailed	1	4	4	0.62416327	0.22145771250000001	True	train
37072676.5395.5149	civil	0	5	5	0.3012422	0.1509961012	True	train
370827644.14902.14902	civil	0	6	0	0.0	0.0	False	train
371222368.86.86	derailed	1	6	6	0.7344708000000001	0.18829444333333334	True	train
37147364.1449.1449	civil	0	8	0	0.0	0.0	False	train
371868127.2715.2715	derailed	1	6	6	0.61827356	0.20033559250000002	True	train
37192162.56808.56808	civil	0	14	0	0.0	0.0	False	train
372573469.127605.127605	derailed	1	10	0	0.0	0.0	False	train
372760572.153801.153175	derailed	1	8	0	0.0	0.0	False	train
373117697.22244.22244	derailed	1	10	10	0.85268885	0.24782009140000003	True	train
373222265.3618.3618	civil	0	4	4	0.120731354	0.05279980425	True	train
373596425.16757.16773	civil	0	7	0	0.0	0.0	False	train
373792456.33229.33229	civil	0	9	0	0.0	0.0	False	train
37393102.36612.36612	civil	0	11	0	0.0	0.0	False	train
374114354.0.0	civil	0	9	0	0.0	0.0	False	train
37521511.39383.39383	civil	0	11	0	0.0	0.0	False	train
37558543.33545.33545	civil	0	4	4	0.07539409	0.0437312585	True	train
375777405.110757.110757	derailed	1	6	0	0.0	0.0	False	train
375832992.12369.12369	civil	0	7	7	0.0	0.0	True	train
376079225.19995.19995	derailed	1	10	0	0.0	0.0	False	train
37617534.406.406	civil	0	6	0	0.0	0.0	False	train
376718309.90935.90935	civil	0	7	0	0.0	0.0	False	train
37681927.53162.53162	civil	0	9	0	0.0	0.0	False	train
376899200.195550.195550	civil	0	14	0	0.0	0.0	False	train
377032104.147069.147069	derailed	1	7	0	0.0	0.0	False	train
377250128.156338.156338	civil	0	7	0	0.0	0.0	False	train
377579395.87454.94099	derailed	1	11	0	0.0	0.0	False	train
37764679.31648.31648	civil	0	6	0	0.0	0.0	False	train
378054281.27287.27287	civil	0	7	0	0.0	0.0	False	train
378946148.141807.141807	derailed	1	11	0	0.0	0.0	False	train
379019100.144722.144622	civil	0	11	0	0.0	0.0	False	train
37920764.84117.84117	derailed	1	8	0	0.0	0.0	False	train
379516562.17018.17018	derailed	1	9	0	0.0	0.0	False	train
379707179.5251.5251	derailed	1	9	9	0.6139466610915318	0.16260122239472374	True	train
38026236.2887.2887	derailed	1	20	20	0.9733684	0.16421567605	True	train
380375178.1794.1770	derailed	1	6	6	0.77679574	0.2253953516666667	True	train
380385099.14557.14557	civil	0	16	16	0.11844463	0.058491669437500005	True	train
380436157.75736.75736	derailed	1	5	5	0.78094256	0.25629283420000004	True	train
380549998.1499.1499	civil	0	7	0	0.0	0.0	False	train
380780507.50216.50216	derailed	1	7	0	0.0	0.0	False	train
380961612.9914.9914	derailed	1	6	6	0.9027101	0.21436763666666667	True	train
381107546.10031.10031	civil	0	6	6	0.24709120000000004	0.08214062400000001	True	train
381679341.97636.97636	civil	0	5	5	0.34692287	0.1522054636	True	train
381748853.0.0	civil	0	5	5	0.23754409	0.0953098088	True	train
382177533.9.9	civil	0	7	0	0.0	0.0	False	train
382286042.24038.24038	civil	0	7	0	0.0	0.0	False	train
38299990.12591.12591	civil	0	8	0	0.0	0.0	False	train
383297205.18608.18608	civil	0	12	0	0.0	0.0	False	train
383596065.10660.10660	derailed	1	9	0	0.0	0.0	False	train
38368452.75253.75253	derailed	1	8	0	0.0	0.0	False	train
38372082.76046.76046	civil	0	8	0	0.0	0.0	False	train
383831396.28213.28213	derailed	1	9	0	0.0	0.0	False	train
384749487.17710.17710	civil	0	7	0	0.0	0.0	False	train
384952754.30072.30072	civil	0	6	0	0.0	0.0	False	train
385358710.26091.26091	civil	0	7	7	0.067351736	0.03338164842857143	True	train
385393995.45238.45238	civil	0	6	0	0.0	0.0	False	train
385719085.2047.2047	derailed	1	7	7	0.0	0.0	True	train
386319437.22820.22820	derailed	1	7	0	0.0	0.0	False	train
38647544.199846.199846	derailed	1	6	0	0.0	0.0	False	train
38647544.72844.72844	derailed	1	5	5	0.8496673	0.2223489476	True	train
386850135.6436.6436	derailed	1	7	0	0.0	0.0	False	train
387033433.19939.19939	civil	0	11	11	0.1836435	0.05959334072727274	True	train
387118463.10991.10991	civil	0	5	5	0.0	0.0	True	train
388147317.27784.27784	derailed	1	11	0	0.0	0.0	False	train
388440407.31618.31618	civil	0	7	0	0.0	0.0	False	train
388451619.9829.9829	derailed	1	6	6	0.6188627935521889	0.21587095374075074	True	train
38862092.113387.113387	derailed	1	11	0	0.0	0.0	False	train
388723036.6709.6709	derailed	1	15	15	0.82210565	0.1691533754	True	train
38910400.178073.178073	derailed	1	9	0	0.0	0.0	False	train
389514951.7745.7745	derailed	1	10	0	0.0	0.0	False	train
389818784.1675.1675	civil	0	12	12	0.35337640000000003	0.10943720658333334	True	train
389929630.28779.28779	derailed	1	6	6	0.8305880999999999	0.21048941833333332	True	train
39051761.108176.108176	civil	0	4	4	0.19485736	0.07313524675000001	True	train
391197429.22905.22905	derailed	1	9	0	0.0	0.0	False	train
391400253.70072.70072	derailed	1	6	0	0.0	0.0	False	train
391512293.6785.6785	derailed	1	4	4	0.9909765231450955	0.37303809003300736	True	train
391774908.11876.11876	derailed	1	7	0	0.0	0.0	False	train
39197306.101861.101861	derailed	1	6	0	0.0	0.0	False	train
392033231.4852.4852	derailed	1	6	0	0.0	0.0	False	train
392239046.68349.68349	civil	0	7	0	0.0	0.0	False	train
392587742.8725.8725	derailed	1	7	7	0.73544264	0.15147604814285714	True	train
39263417.193.193	civil	0	4	4	0.0	0.0	True	train
39277473.7829.7829	derailed	1	11	0	0.0	0.0	False	train
392943620.23551.23551	derailed	1	7	0	0.0	0.0	False	train
393045536.11956.11956	derailed	1	8	0	0.0	0.0	False	train
393246590.3402.3402	derailed	1	8	0	0.0	0.0	False	train
393323783.18611.18614	derailed	1	4	4	0.0	0.0	True	train
395158492.16343.16343	civil	0	6	6	0.11325314340600336	0.06946410897823665	True	train
395237625.22076.22076	civil	0	6	0	0.0	0.0	False	train
395302491.119427.119427	civil	0	7	0	0.0	0.0	False	train
395907710.101057.101057	derailed	1	10	0	0.0	0.0	False	train
395911049.495.495	civil	0	9	0	0.0	0.0	False	train
39598073.84.84	derailed	1	11	0	0.0	0.0	False	train
39600681.6553.6553	derailed	1	4	4	0.8761376000000001	0.29147451	True	train
396034644.129030.129030	derailed	1	7	0	0.0	0.0	False	train
396200383.5760.5760	derailed	1	8	8	0.79455495	0.19704699274999998	True	train
396624212.2629.2629	civil	0	5	5	0.0	0.0	True	train
39687849.1257.1257	derailed	1	6	0	0.0	0.0	False	train
397411874.3005.3005	derailed	1	6	6	0.6174258	0.312507055	True	train
397429383.42780.42780	civil	0	6	0	0.0	0.0	False	train
397470746.1978.1978	derailed	1	8	0	0.0	0.0	False	train
397474074.78643.78615	derailed	1	7	0	0.0	0.0	False	train
39762815.7136.7136	civil	0	5	5	0.30138862	0.13413527279999998	True	train
397771882.20073.20073	civil	0	8	0	0.0	0.0	False	train
397841890.80152.80152	civil	0	7	0	0.0	0.0	False	train
398180736.17822.17822	civil	0	6	6	0.31093356	0.0801722275	True	train
398401789.769.769	civil	0	7	0	0.0	0.0	False	train
3984474.11784.11784	derailed	1	6	0	0.0	0.0	False	train
39848338.2613.2613	civil	0	6	0	0.0	0.0	False	train
398530287.4835.4835	civil	0	5	5	0.11892439	0.0506483732	True	train
398875243.3219.3219	derailed	1	6	6	0.8538486999999999	0.2277529083333333	True	train
399023872.13288.13288	civil	0	4	4	0.038933947909645945	0.028535771210798182	True	train
39911167.0.0	derailed	1	4	4	0.0	0.0	True	train
399342246.98179.98179	civil	0	9	0	0.0	0.0	False	train
3993837.11784.11784	civil	0	7	0	0.0	0.0	False	train
399580441.13931.13931	derailed	1	9	0	0.0	0.0	False	train
399661682.98.98	derailed	1	5	5	0.632267410463209	0.14837584607460821	True	train
39966418.3918.3918	derailed	1	8	0	0.0	0.0	False	train
401121481.35854.35854	derailed	1	8	0	0.0	0.0	False	train
401195816.39168.39168	civil	0	6	0	0.0	0.0	False	train
401324578.1096.1096	civil	0	7	0	0.0	0.0	False	train
402880641.5613.5613	derailed	1	7	7	0.69441336	0.20814453600000002	True	train
402923552.6468.6468	derailed	1	6	6	0.8117164000000001	0.19848312166666668	True	train
403097361.113258.113258	civil	0	6	0	0.0	0.0	False	train
403166402.6190.6190	civil	0	6	0	0.0	0.0	False	train
403444055.99779.99779	civil	0	6	0	0.0	0.0	False	train
403525129.100600.100600	derailed	1	10	0	0.0	0.0	False	train
403808950.15328.15328	civil	0	4	4	0.012134216	0.007105041000000001	True	train
403900194.15494.15494	derailed	1	7	7	0.97306925	0.17764474885714288	True	train
403934639.4869.4869	civil	0	6	6	0.23754409	0.11879312433333333	True	train
404106206.209134.209134	civil	0	6	0	0.0	0.0	False	train
40421339.4467.5089	derailed	1	6	0	0.0	0.0	False	train
40426081.151454.151454	derailed	1	11	0	0.0	0.0	False	train
40441630.25317.25317	civil	0	12	0	0.0	0.0	False	train
404421004.8001.8001	civil	0	4	4	0.02665307	0.009896127375000001	True	train
404574647.5587.5587	derailed	1	5	5	0.6830713	0.22253782060000002	True	train
405203967.177.177	civil	0	5	5	0.1511343287648757	0.07628390255346171	True	train
405284077.34570.34570	civil	0	8	0	0.0	0.0	False	train
405855727.22442.22442	derailed	1	6	0	0.0	0.0	False	train
405894242.24558.24558	derailed	1	5	5	0.62074625	0.290212336	True	train
406605651.3996.3996	derailed	1	7	0	0.0	0.0	False	train
40662735.38216.43739	derailed	1	6	0	0.0	0.0	False	train
40664748.9130.9130	derailed	1	4	4	0.6008908524935844	0.2763053642121679	True	train
406661806.77712.77712	derailed	1	9	0	0.0	0.0	False	train
406813809.38301.38301	civil	0	6	0	0.0	0.0	False	train
406912263.41478.41478	civil	0	7	0	0.0	0.0	False	train
406912647.106208.106208	derailed	1	10	0	0.0	0.0	False	train
40728298.3651.3651	derailed	1	5	5	0.9568907707559999	0.29971922610208496	True	train
407455278.10400.10400	civil	0	8	0	0.0	0.0	False	train
407508250.100949.100949	derailed	1	6	0	0.0	0.0	False	train
407640062.17456.17456	civil	0	4	4	0.07389364	0.037914286	True	train
40792826.4951.4951	civil	0	10	0	0.0	0.0	False	train
408370379.27101.27101	derailed	1	6	0	0.0	0.0	False	train
408375548.1540.1540	civil	0	4	4	0.05167317	0.0230150405	True	train
408666872.96.96	derailed	1	8	0	0.0	0.0	False	train
40881974.82973.82973	civil	0	5	5	0.3436878	0.142351868	True	train
408841323.14323.14323	derailed	1	5	5	0.0	0.0	True	train
40896568.84562.84562	derailed	1	4	4	0.82724917	0.25768359675	True	train
409715267.32041.32041	civil	0	8	0	0.0	0.0	False	train
410244013.28448.28448	derailed	1	5	5	0.64452356	0.1738714302	True	train
410592194.54460.54460	derailed	1	14	14	0.8900079	0.1515653005	True	train
410593620.346.346	civil	0	6	0	0.0	0.0	False	train
410677837.63847.63847	civil	0	10	0	0.0	0.0	False	train
410732230.25469.25469	derailed	1	6	0	0.0	0.0	False	train
412002771.233.233	civil	0	4	4	0.12606627	0.045383469999999995	True	train
412051831.14178.14178	derailed	1	6	6	0.71850944	0.15742791033333334	True	train
412092932.44836.44836	derailed	1	7	0	0.0	0.0	False	train
412322938.31156.31156	derailed	1	8	0	0.0	0.0	False	train
413403411.7388.7388	civil	0	4	4	0.21455616	0.10567662	True	train
413439781.15802.15802	civil	0	7	0	0.0	0.0	False	train
413498728.38046.38046	civil	0	4	4	0.22321852	0.1282779415	True	train
413716801.39159.39159	derailed	1	5	5	0.6191089	0.21407833599999998	True	train
41389731.0.0	civil	0	6	0	0.0	0.0	False	train
415390820.2426.2426	civil	0	3	3	0.11664814250700375	0.06639744069205225	True	train
415517479.9657.9657	civil	0	5	5	0.1950097954398714	0.0641018159117307	True	train
415660053.45624.45624	derailed	1	7	0	0.0	0.0	False	train
415681512.10258.10258	derailed	1	4	4	0.6302049850095809	0.19468393462669858	True	train
415904575.5856.5856	derailed	1	5	5	0.7009271007619999	0.2460367082671686	True	train
416209715.31737.31737	derailed	1	8	8	0.6205548000000001	0.22277478875	True	train
41630601.7591.7591	derailed	1	6	0	0.0	0.0	False	train
41650593.24327.24327	civil	0	6	0	0.0	0.0	False	train
417056983.22351.23314	derailed	1	6	0	0.0	0.0	False	train
417349541.1599.1599	derailed	1	11	0	0.0	0.0	False	train
417439774.1753.1753	civil	0	6	6	0.035388682000000005	0.012841650383333333	True	train
417942032.1855.1855	civil	0	9	9	0.23754409	0.057998849444444445	True	train
417960407.17863.17863	civil	0	8	0	0.0	0.0	False	train
418047684.4516.4516	civil	0	4	4	0.24775556257318834	0.13400085522308175	True	train
418150968.28260.28260	derailed	1	9	0	0.0	0.0	False	train
418217475.71.71	derailed	1	7	0	0.0	0.0	False	train
418291628.0.0	civil	0	4	4	0.1023445	0.0554433265	True	train
418443862.8825.8825	civil	0	7	0	0.0	0.0	False	train
418673658.96217.96217	derailed	1	11	0	0.0	0.0	False	train
419026245.255.255	derailed	1	5	5	0.85301036	0.1911074754	True	train
419082784.1998.1998	derailed	1	4	4	0.734883	0.209806994	True	train
419110532.110664.110664	derailed	1	9	0	0.0	0.0	False	train
419167397.8810.8810	derailed	1	7	0	0.0	0.0	False	train
41946536.25275.25275	derailed	1	7	0	0.0	0.0	False	train
41991382.52805.52805	derailed	1	8	0	0.0	0.0	False	train
420286009.15148.15148	civil	0	7	0	0.0	0.0	False	train
42039324.52494.52494	civil	0	12	0	0.0	0.0	False	train
421107815.47641.47641	civil	0	7	0	0.0	0.0	False	train
421377518.2669.2669	derailed	1	8	0	0.0	0.0	False	train
421687225.105034.105034	civil	0	6	0	0.0	0.0	False	train
421824156.43781.43781	civil	0	9	0	0.0	0.0	False	train
421909544.1028.2192	derailed	1	10	0	0.0	0.0	False	train
422175550.19971.19971	derailed	1	10	0	0.0	0.0	False	train
422273386.111380.111380	derailed	1	6	0	0.0	0.0	False	train
422303676.22336.22336	civil	0	10	0	0.0	0.0	False	train
422555357.91671.91671	civil	0	6	0	0.0	0.0	False	train
422670932.104060.104060	civil	0	8	0	0.0	0.0	False	train
422730765.105067.105067	derailed	1	6	0	0.0	0.0	False	train
422731596.1261.1261	civil	0	7	7	0.16021529	0.08439821642857141	True	train
422956512.18169.18169	derailed	1	7	0	0.0	0.0	False	train
423633910.162186.162186	civil	0	6	0	0.0	0.0	False	train
423750653.143946.143946	derailed	1	6	0	0.0	0.0	False	train
423850288.16831.16831	civil	0	6	0	0.0	0.0	False	train
424037037.16015.16015	derailed	1	11	0	0.0	0.0	False	train
42408487.4549.4549	civil	0	4	4	0.3470346665549766	0.10084912106253388	True	train
424112095.68952.68952	civil	0	7	0	0.0	0.0	False	train
424196355.34291.34291	derailed	1	9	0	0.0	0.0	False	train
424363362.4410.4410	derailed	1	6	0	0.0	0.0	False	train
424464455.2372.2372	derailed	1	7	7	0.76823187	0.1712722112857143	True	train
424609838.21311.21311	civil	0	4	4	0.12132635	0.07554032875	True	train
424633989.22249.22249	civil	0	9	0	0.0	0.0	False	train
424701107.5106.5106	civil	0	4	4	0.10576638	0.048420216	True	train
424708268.17278.17278	derailed	1	5	5	0.7009271	0.1761050926	True	train
424731436.16143.16143	civil	0	10	0	0.0	0.0	False	train
42495837.13374.13374	derailed	1	7	0	0.0	0.0	False	train
425006000.4119.4119	civil	0	5	5	0.15149735	0.062460217900000004	True	train
425031138.8976.8976	civil	0	8	0	0.0	0.0	False	train
425049340.78.78	derailed	1	5	5	0.612139749124265	0.1567164545045435	True	train
425055858.47653.47653	derailed	1	7	0	0.0	0.0	False	train
425858175.334.334	derailed	1	5	5	0.7351833999999999	0.25376509799999997	True	train
425964241.40179.40179	derailed	1	7	0	0.0	0.0	False	train
426136415.11555.11555	civil	0	10	0	0.0	0.0	False	train
426147044.20066.20066	civil	0	10	0	0.0	0.0	False	train
426260915.7049.7049	derailed	1	6	0	0.0	0.0	False	train
426338661.4672.4672	derailed	1	5	5	0.76823187	0.22833772640000002	True	train
426370947.12766.12766	civil	0	12	0	0.0	0.0	False	train
426534860.9002.9002	derailed	1	9	0	0.0	0.0	False	train
42696518.2551.2551	derailed	1	9	0	0.0	0.0	False	train
427100688.5051.5051	civil	0	8	8	0.30173787	0.1270157535	True	train
427681986.31007.31007	derailed	1	5	5	0.64452356	0.20705687900000003	True	train
428066439.33001.33001	derailed	1	8	0	0.0	0.0	False	train
428453893.121045.121045	civil	0	6	0	0.0	0.0	False	train
428456223.121403.121403	derailed	1	11	0	0.0	0.0	False	train
428511300.3026.521	derailed	1	8	0	0.0	0.0	False	train
428514403.4963.4963	derailed	1	9	0	0.0	0.0	False	train
428667627.34242.34242	derailed	1	9	0	0.0	0.0	False	train
42886546.2278.2278	derailed	1	5	5	0.0	0.0	True	train
428948370.54430.54430	derailed	1	7	0	0.0	0.0	False	train
428957401.232129.232129	civil	0	7	0	0.0	0.0	False	train
429006289.9810.9810	civil	0	6	0	0.0	0.0	False	train
429174670.0.0	civil	0	6	0	0.0	0.0	False	train
429622072.10348.10348	derailed	1	6	6	0.64452356	0.3185976873333333	True	train
429735496.21251.21251	derailed	1	7	0	0.0	0.0	False	train
430414573.22659.22659	derailed	1	6	0	0.0	0.0	False	train
43080820.12734.12734	civil	0	6	0	0.0	0.0	False	train
431235096.7700.7700	civil	0	7	7	0.110843875	0.03938410785714286	True	train
431254194.8314.8314	derailed	1	5	5	0.7009271	0.283590296	True	train
431501575.597.597	civil	0	5	5	0.23754409	0.093220966	True	train
432038049.24662.24662	civil	0	7	0	0.0	0.0	False	train
432333814.15064.15064	civil	0	11	0	0.0	0.0	False	train
43247243.3401.3401	derailed	1	8	0	0.0	0.0	False	train
432489216.33831.33831	civil	0	10	0	0.0	0.0	False	train
432566569.5335.5335	derailed	1	6	6	0.67554694	0.16526384316666667	True	train
432809638.0.0	derailed	1	6	6	0.94002885	0.24309088033333334	True	train
433130034.562.562	civil	0	7	7	0.2991534	0.12843955999999998	True	train
433172304.25123.28457	civil	0	8	0	0.0	0.0	False	train
43321746.7446.7446	derailed	1	8	0	0.0	0.0	False	train
433247719.840.840	derailed	1	5	5	0.8125531	0.29840188100000004	True	train
433347505.87981.87981	civil	0	9	0	0.0	0.0	False	train
433883730.2102.2102	derailed	1	7	0	0.0	0.0	False	train
433982536.24593.24593	derailed	1	9	0	0.0	0.0	False	train
433999391.9236.9236	derailed	1	7	7	0.9735696	0.17009018585714286	True	train
434004839.10274.10274	civil	0	5	5	0.11239108	0.071960572	True	train
4341194.15602.15634	civil	0	6	0	0.0	0.0	False	train
434152471.2157.2157	civil	0	5	5	0.08143671599999999	0.037800776599999995	True	train
434286502.112843.112843	derailed	1	9	0	0.0	0.0	False	train
435898684.8.8	derailed	1	5	5	0.7813020473890001	0.1864742354160291	True	train
43634225.34656.34656	derailed	1	6	0	0.0	0.0	False	train
436369509.11559.11559	civil	0	4	4	0.065933645	0.025103418325	True	train
436681885.12132.12132	civil	0	7	7	0.15275243	0.05623610742857143	True	train
43716131.5240.5240	derailed	1	14	14	0.7813764	0.11391391764285715	True	train
437192120.30044.30044	derailed	1	9	0	0.0	0.0	False	train
437269947.14688.14688	derailed	1	5	5	0.96797204	0.34891091	True	train
437405934.26910.26910	derailed	1	10	0	0.0	0.0	False	train
43745232.30298.30298	civil	0	4	4	0.13507858	0.06040342	True	train
43757112.2609.2609	civil	0	5	5	0.14015077789169866	0.08266232621980507	True	train
438110825.89927.89927	derailed	1	7	0	0.0	0.0	False	train
438487937.3314.3314	derailed	1	5	5	0.76823187	0.246991265	True	train
438501631.4189.4189	civil	0	7	7	0.231252	0.10806121	True	train
43880543.2151.2151	civil	0	4	4	0.26841444	0.10292928525	True	train
438876756.63164.63164	civil	0	5	5	0.11363306	0.053777449600000006	True	train
439500359.22353.22353	derailed	1	5	5	0.64452356	0.2033121682	True	train
439826170.28543.28543	derailed	1	8	0	0.0	0.0	False	train
43997024.4507.4507	derailed	1	5	5	0.7009271007619999	0.2725194407580619	True	train
439986269.33518.32972	civil	0	8	0	0.0	0.0	False	train
440030904.40936.40936	derailed	1	9	0	0.0	0.0	False	train
440073368.12147.12147	derailed	1	11	0	0.0	0.0	False	train
440084156.499.499	derailed	1	7	7	0.7009271	0.2162906914285714	True	train
440093119.9185.9185	civil	0	13	0	0.0	0.0	False	train
440400624.23560.23560	civil	0	8	0	0.0	0.0	False	train
440473971.63224.63224	derailed	1	7	0	0.0	0.0	False	train
440481462.23977.23977	derailed	1	8	0	0.0	0.0	False	train
440555698.104353.104353	derailed	1	8	0	0.0	0.0	False	train
440674538.105386.105386	civil	0	6	0	0.0	0.0	False	train
44112860.3247.3247	derailed	1	7	7	0.7009271007619999	0.150172209382585	True	train
441682075.31853.31853	derailed	1	5	5	0.6922607	0.2021605802	True	train
442279975.15309.15309	civil	0	10	0	0.0	0.0	False	train
442348174.4777.4777	civil	0	9	0	0.0	0.0	False	train
44251508.34783.34783	derailed	1	7	0	0.0	0.0	False	train
44273688.275087.275087	civil	0	6	0	0.0	0.0	False	train
442823015.22256.22256	civil	0	6	0	0.0	0.0	False	train
442847112.1639.1639	derailed	1	5	5	0.7352841	0.198965936	True	train
443725536.6310.6310	derailed	1	9	0	0.0	0.0	False	train
44374263.17853.17853	civil	0	10	0	0.0	0.0	False	train
443870965.25939.25939	derailed	1	6	0	0.0	0.0	False	train
444337804.7547.7547	civil	0	13	0	0.0	0.0	False	train
444559202.172050.172050	civil	0	11	0	0.0	0.0	False	train
444647453.3825.3825	derailed	1	6	0	0.0	0.0	False	train
444777645.8376.8376	civil	0	6	0	0.0	0.0	False	train
445030221.20910.20910	civil	0	6	6	0.048314244000000006	0.023152796500000003	True	train
445132896.1407.1387	derailed	1	7	7	0.7351557	0.16439114999999999	True	train
445252976.1693.1693	civil	0	5	5	0.110678665	0.0458661008	True	train
445532934.9185.9185	derailed	1	9	0	0.0	0.0	False	train
445892253.11382.11382	civil	0	4	4	0.388942079042	0.1259629766783491	True	train
446113574.2300.2300	civil	0	4	4	0.30442804	0.12961474750000002	True	train
44661410.55769.55769	civil	0	8	0	0.0	0.0	False	train
446778933.103447.103447	civil	0	9	0	0.0	0.0	False	train
446880892.128069.128069	derailed	1	6	0	0.0	0.0	False	train
44697574.67839.67839	derailed	1	9	0	0.0	0.0	False	train
447006430.3642.3642	derailed	1	5	5	0.8454065999999999	0.29951952239999996	True	train
448383763.2727.3090	derailed	1	4	4	0.9027101	0.26630624425	True	train
449175770.77792.77792	derailed	1	11	0	0.0	0.0	False	train
449591096.9250.9250	civil	0	6	0	0.0	0.0	False	train
44981141.124.124	derailed	1	6	0	0.0	0.0	False	train
450348101.1178.1178	derailed	1	8	0	0.0	0.0	False	train
451125006.7146.7145	civil	0	9	0	0.0	0.0	False	train
451224397.18924.18924	civil	0	10	0	0.0	0.0	False	train
45169947.10833.10833	derailed	1	8	0	0.0	0.0	False	train
45175384.12325.12325	civil	0	8	0	0.0	0.0	False	train
452014769.153163.153163	civil	0	10	0	0.0	0.0	False	train
45234304.62193.62193	civil	0	4	4	0.11433342	0.06445202375	True	train
452455650.226996.226996	civil	0	11	0	0.0	0.0	False	train
452642833.10819.10819	civil	0	7	0	0.0	0.0	False	train
453214620.176558.176558	derailed	1	10	0	0.0	0.0	False	train
45431087.26384.26384	civil	0	6	0	0.0	0.0	False	train
454816971.89765.89765	civil	0	8	8	0.05623206	0.024816164999999998	True	train
45516597.28276.28072	civil	0	10	0	0.0	0.0	False	train
455323064.147756.147756	derailed	1	10	0	0.0	0.0	False	train
455466989.169427.169427	derailed	1	10	0	0.0	0.0	False	train
456447215.3006.3006	civil	0	6	6	0.157722842997422	0.06942910122066097	True	train
45829552.78296.78296	civil	0	6	0	0.0	0.0	False	train
458313117.27986.27986	civil	0	11	0	0.0	0.0	False	train
458908991.53364.53364	civil	0	8	0	0.0	0.0	False	train
459031067.23178.23178	derailed	1	9	0	0.0	0.0	False	train
459498802.51963.51963	civil	0	9	0	0.0	0.0	False	train
45970779.4829.4829	derailed	1	6	0	0.0	0.0	False	train
459790542.71078.71078	civil	0	7	0	0.0	0.0	False	train
459797785.72981.72770	derailed	1	6	0	0.0	0.0	False	train
459814094.2506.2506	civil	0	8	0	0.0	0.0	False	train
459948499.206.206	derailed	1	10	0	0.0	0.0	False	train
460049497.1888.1888	civil	0	6	0	0.0	0.0	False	train
46029614.19522.19522	civil	0	9	0	0.0	0.0	False	train
460542282.67292.67292	derailed	1	10	0	0.0	0.0	False	train
460585040.749.749	derailed	1	5	5	0.62443143	0.17560821899999998	True	train
460607970.1330.1330	civil	0	4	4	0.12874019	0.06872177275	True	train
460737157.202164.202139	civil	0	11	0	0.0	0.0	False	train
460772716.211118.211118	derailed	1	11	0	0.0	0.0	False	train
461725248.7922.7922	derailed	1	7	0	0.0	0.0	False	train
461904274.1143.1143	derailed	1	9	9	0.0	0.0	True	train
462850473.18131.18131	derailed	1	11	0	0.0	0.0	False	train
462986473.80850.80850	derailed	1	6	0	0.0	0.0	False	train
463059288.65395.65395	derailed	1	8	0	0.0	0.0	False	train
463379283.1736.1736	derailed	1	6	6	0.7758741258740001	0.17727924224676828	True	train
464271325.253613.253613	derailed	1	10	0	0.0	0.0	False	train
464558481.7192.7192	civil	0	6	6	0.16826458	0.08863093216666666	True	train
4646942.6989.6989	derailed	1	7	0	0.0	0.0	False	train
46474411.975.975	civil	0	9	0	0.0	0.0	False	train
46490327.5727.5727	civil	0	5	5	0.0	0.0	True	train
465356738.3921.3921	derailed	1	5	5	0.7813020473890001	0.22247744832290595	True	train
466079646.23058.23058	civil	0	9	0	0.0	0.0	False	train
466150721.88594.88594	civil	0	6	0	0.0	0.0	False	train
466690320.15630.15630	civil	0	8	0	0.0	0.0	False	train
466837967.11869.11869	derailed	1	11	0	0.0	0.0	False	train
46687240.5546.5546	civil	0	4	4	0.2330569	0.114035005	True	train
467404299.3612.3612	civil	0	6	0	0.0	0.0	False	train
46762629.201.201	civil	0	6	0	0.0	0.0	False	train
467933324.372.372	derailed	1	8	0	0.0	0.0	False	train
468022115.5131.5131	civil	0	6	6	0.13304512743702207	0.04183544334033434	True	train
468075420.3597.3597	civil	0	9	0	0.0	0.0	False	train
468149610.10802.10802	derailed	1	9	0	0.0	0.0	False	train
468953735.92455.92455	civil	0	6	0	0.0	0.0	False	train
470030038.137.137	civil	0	4	4	0.3810460074731352	0.1982121905395383	True	train
470822988.46015.46015	derailed	1	6	0	0.0	0.0	False	train
470913285.491.491	derailed	1	6	0	0.0	0.0	False	train
471005791.25915.25915	derailed	1	7	0	0.0	0.0	False	train
47138769.27099.27099	civil	0	4	4	0.04631538	0.02453681175	True	train
472004963.3721.3721	civil	0	6	0	0.0	0.0	False	train
472067344.312.312	civil	0	6	0	0.0	0.0	False	train
47230753.123289.123289	derailed	1	9	0	0.0	0.0	False	train
474109753.30739.30739	civil	0	8	0	0.0	0.0	False	train
474253263.3528.3528	civil	0	13	0	0.0	0.0	False	train
475182390.9864.9864	civil	0	6	0	0.0	0.0	False	train
475255113.10543.10543	civil	0	6	0	0.0	0.0	False	train
47566699.229005.229005	civil	0	6	0	0.0	0.0	False	train
476660191.14113.14113	civil	0	6	0	0.0	0.0	False	train
476681895.93981.93981	derailed	1	11	0	0.0	0.0	False	train
477506225.5194.5194	civil	0	13	0	0.0	0.0	False	train
478515258.30692.30692	derailed	1	10	0	0.0	0.0	False	train
478564053.25960.25960	civil	0	6	0	0.0	0.0	False	train
478709361.27519.27519	derailed	1	9	0	0.0	0.0	False	train
479042448.15098.15098	derailed	1	6	0	0.0	0.0	False	train
479259231.189468.189299	derailed	1	8	0	0.0	0.0	False	train
479600675.94852.94852	civil	0	9	0	0.0	0.0	False	train
48018847.2183.2182	civil	0	6	0	0.0	0.0	False	train
480518023.14834.14834	civil	0	4	4	0.04351914664367317	0.02354589887748302	True	train
480954080.5261.5261	derailed	1	11	0	0.0	0.0	False	train
48096378.1094.1094	civil	0	4	4	0.05134266325852711	0.016077386741700485	True	train
48103102.7179.7179	derailed	1	4	4	0.876137641081	0.3048030944775041	True	train
481498676.14263.14263	civil	0	5	5	0.09893944342220104	0.08712153897001193	True	train
482041507.258.258	derailed	1	10	0	0.0	0.0	False	train
482155719.15515.15515	derailed	1	4	4	0.80465053125261	0.3114838377552403	True	train
48223090.8092.8092	civil	0	5	5	0.2306064396714347	0.055577165193204624	True	train
482455532.2898.2898	civil	0	7	0	0.0	0.0	False	train
482482089.90809.96072	derailed	1	9	0	0.0	0.0	False	train
483208609.903.903	derailed	1	5	5	0.6119536442381611	0.15525426015743307	True	train
483866657.19181.19181	civil	0	6	0	0.0	0.0	False	train
484121879.299717.299717	civil	0	9	0	0.0	0.0	False	train
484278967.389579.389579	derailed	1	10	0	0.0	0.0	False	train
48460520.4940.4940	derailed	1	5	5	0.902710108441	0.35157708620957634	True	train
48501378.5437.5437	civil	0	7	0	0.0	0.0	False	train
485206686.2710.2710	civil	0	7	0	0.0	0.0	False	train
485482201.52368.52368	civil	0	7	0	0.0	0.0	False	train
485880585.13112.13112	civil	0	6	0	0.0	0.0	False	train
486028725.19066.19066	civil	0	8	0	0.0	0.0	False	train
486436089.10523.10523	civil	0	7	0	0.0	0.0	False	train
487168901.23422.23422	derailed	1	11	0	0.0	0.0	False	train
487173205.114842.107753	civil	0	6	0	0.0	0.0	False	train
488243542.14102.14102	civil	0	10	0	0.0	0.0	False	train
488536934.128819.128819	derailed	1	8	0	0.0	0.0	False	train
488578096.71567.71567	derailed	1	8	0	0.0	0.0	False	train
48879345.5917.5917	derailed	1	5	5	0.77095735	0.16336486356	True	train
489230160.4109.4109	civil	0	4	4	0.06019557872579569	0.03254737216546556	True	train
489382220.43899.43899	civil	0	10	0	0.0	0.0	False	train
489397642.53202.53202	derailed	1	10	0	0.0	0.0	False	train
489720391.65608.65608	civil	0	8	0	0.0	0.0	False	train
48973343.25345.25345	civil	0	6	0	0.0	0.0	False	train
489830595.85495.85495	derailed	1	8	0	0.0	0.0	False	train
489884812.1917.1917	derailed	1	3	3	0.6078309692670001	0.33617130615580404	True	train
490021511.50830.50830	civil	0	10	0	0.0	0.0	False	train
49083424.9901.9901	derailed	1	4	4	0.6442163608737027	0.2021177306353224	True	train
491029764.674.674	civil	0	5	5	0.301336056523246	0.14106787455574882	True	train
491221518.14815.14815	civil	0	12	0	0.0	0.0	False	train
491323906.33977.33977	derailed	1	8	0	0.0	0.0	False	train
49139212.5783.5783	civil	0	6	0	0.0	0.0	False	train
491717077.5769.5769	derailed	1	7	0	0.0	0.0	False	train
492197981.59226.59226	civil	0	13	0	0.0	0.0	False	train
492499584.46311.46311	civil	0	3	3	0.04915642144053072	0.034710728768563126	True	train
49265259.10075.10075	civil	0	4	4	0.1322948943154519	0.06473464469443255	True	train
492706872.29444.29444	civil	0	10	0	0.0	0.0	False	train
492850776.54870.54870	derailed	1	8	0	0.0	0.0	False	train
492922820.46400.46400	derailed	1	3	3	0.8201057300098828	0.3646391379596982	True	train
492996962.58577.58577	civil	0	7	0	0.0	0.0	False	train
493067775.23733.23733	derailed	1	10	0	0.0	0.0	False	train
493315982.2826.2826	derailed	1	7	7	0.61837184	0.11394166685714287	True	train
49334051.34448.34448	derailed	1	6	0	0.0	0.0	False	train
49399587.40739.40739	derailed	1	8	0	0.0	0.0	False	train
494176405.39781.39781	civil	0	7	0	0.0	0.0	False	train
494768256.23.23	civil	0	4	4	0.057038485346132074	0.03598266058830223	True	train
495033745.41355.41355	derailed	1	6	0	0.0	0.0	False	train
495244974.3017.3017	derailed	1	7	7	0.7009271007619999	0.22357291910629554	True	train
49533070.54056.54056	derailed	1	8	0	0.0	0.0	False	train
495691593.7956.7956	civil	0	9	0	0.0	0.0	False	train
495894607.41404.41404	civil	0	7	0	0.0	0.0	False	train
496126690.20074.20074	civil	0	9	0	0.0	0.0	False	train
496542614.35598.35598	civil	0	6	0	0.0	0.0	False	train
496885156.90905.90905	civil	0	10	0	0.0	0.0	False	train
497117785.20861.20861	derailed	1	6	6	0.8259501187649999	0.19769478397240428	True	train
49716047.54607.54607	derailed	1	7	0	0.0	0.0	False	train
497368587.36334.36334	civil	0	9	0	0.0	0.0	False	train
497449639.16997.16997	derailed	1	9	0	0.0	0.0	False	train
497498750.7144.7144	derailed	1	7	0	0.0	0.0	False	train
497502325.286.286	civil	0	5	5	0.0	0.0	True	train
497525772.27126.27094	civil	0	7	0	0.0	0.0	False	train
49756153.1750.1750	derailed	1	8	8	0.6409050000000001	0.12858682825	True	train
497647051.14281.17708	derailed	1	7	0	0.0	0.0	False	train
497789537.45449.45449	civil	0	9	0	0.0	0.0	False	train
497800265.1270.1270	derailed	1	3	3	0.7367722500224396	0.3101071319744653	True	train
498060451.55520.55520	derailed	1	11	0	0.0	0.0	False	train
49819813.20056.20056	derailed	1	10	0	0.0	0.0	False	train
498311163.9149.9149	civil	0	9	0	0.0	0.0	False	train
498582193.80254.80254	derailed	1	9	0	0.0	0.0	False	train
498919624.123301.123301	derailed	1	10	0	0.0	0.0	False	train
498961571.2546.2546	civil	0	4	4	0.19314612317693675	0.13098663002713604	True	train
499169754.3116.3116	derailed	1	4	4	0.644523548297	0.2689042450122661	True	train
499530240.10066.10066	civil	0	10	0	0.0	0.0	False	train
500004279.105162.105162	civil	0	6	0	0.0	0.0	False	train
500307886.31909.31909	derailed	1	9	0	0.0	0.0	False	train
500673566.49978.49978	derailed	1	10	0	0.0	0.0	False	train
500674874.3239.3239	civil	0	7	0	0.0	0.0	False	train
50087684.77894.77894	civil	0	6	0	0.0	0.0	False	train
500952289.13649.13649	derailed	1	6	0	0.0	0.0	False	train
501088701.34626.34626	derailed	1	9	0	0.0	0.0	False	train
501089511.14575.14575	derailed	1	11	0	0.0	0.0	False	train
501114472.15801.15801	derailed	1	11	0	0.0	0.0	False	train
501385931.2628.2628	derailed	1	7	7	0.8449707000000001	0.2092416042857143	True	train
501486186.1967.1967	civil	0	7	0	0.0	0.0	False	train
50161078.57602.57602	civil	0	6	0	0.0	0.0	False	train
50204579.6051.6051	derailed	1	9	0	0.0	0.0	False	train
502063894.5884.5884	civil	0	7	0	0.0	0.0	False	train
502326031.11981.11980	derailed	1	7	0	0.0	0.0	False	train
502802647.260.260	civil	0	4	4	0.0	0.0	True	train
50282134.86214.86214	derailed	1	6	0	0.0	0.0	False	train
504237161.31644.30601	civil	0	6	0	0.0	0.0	False	train
504824350.176199.176199	civil	0	10	0	0.0	0.0	False	train
50513930.7483.7483	derailed	1	6	0	0.0	0.0	False	train
50514621.843.843	civil	0	5	5	0.3434464355389284	0.11265017864612832	True	train
505968646.95374.95374	derailed	1	10	0	0.0	0.0	False	train
506221016.4214.4214	civil	0	6	0	0.0	0.0	False	train
5066581.23893.23821	derailed	1	9	0	0.0	0.0	False	train
506936178.87121.87121	derailed	1	10	0	0.0	0.0	False	train
506959160.10650.10650	civil	0	11	0	0.0	0.0	False	train
507156034.16735.16735	civil	0	6	0	0.0	0.0	False	train
507401020.26001.26001	civil	0	10	0	0.0	0.0	False	train
507530248.4158.4158	civil	0	5	5	0.067429855	0.0258756606	True	train
507988848.34855.34855	civil	0	6	0	0.0	0.0	False	train
508453497.4168.4168	civil	0	5	5	0.15770415827009815	0.09528522975084415	True	train
509728171.17895.17895	civil	0	7	0	0.0	0.0	False	train
509872505.673.673	derailed	1	6	0	0.0	0.0	False	train
509954386.3192.3192	derailed	1	4	4	0.0	0.0	True	train
50998263.23847.23847	civil	0	9	0	0.0	0.0	False	train
510146252.16973.16973	derailed	1	7	0	0.0	0.0	False	train
5101926.4704.4704	derailed	1	8	0	0.0	0.0	False	train
511212167.36720.36720	derailed	1	6	0	0.0	0.0	False	train
51148750.1016.1016	civil	0	6	0	0.0	0.0	False	train
511817465.21046.21046	derailed	1	10	0	0.0	0.0	False	train
512584711.25304.25304	derailed	1	3	3	0.6146139733495751	0.2979698336658969	True	train
513270650.28217.28217	derailed	1	9	0	0.0	0.0	False	train
51404606.38249.38249	derailed	1	7	0	0.0	0.0	False	train
51451175.46444.46444	civil	0	4	4	0.3889421	0.174302025	True	train
514539746.61632.61632	civil	0	7	0	0.0	0.0	False	train
514917940.2099.2099	civil	0	4	4	0.019394777076726055	0.01252456282419645	True	train
515154505.114575.114575	derailed	1	11	0	0.0	0.0	False	train
51550352.57229.57229	civil	0	6	0	0.0	0.0	False	train
51579341.1224.1224	derailed	1	8	8	0.8731190000000001	0.19012827912500002	True	train
516244470.13079.13079	civil	0	8	0	0.0	0.0	False	train
516580448.327.327	civil	0	4	4	0.2546583928834939	0.10329460184122423	True	train
517023684.19344.19344	derailed	1	6	0	0.0	0.0	False	train
517099363.23615.23615	derailed	1	8	0	0.0	0.0	False	train
51803257.2359.2359	civil	0	12	0	0.0	0.0	False	train
518638904.65138.65138	derailed	1	8	0	0.0	0.0	False	train
519611607.226063.226063	derailed	1	9	0	0.0	0.0	False	train
52001087.1227.1227	civil	0	10	0	0.0	0.0	False	train
520083196.7892.7892	derailed	1	9	0	0.0	0.0	False	train
520185744.14449.14449	civil	0	11	0	0.0	0.0	False	train
52136963.16957.16957	civil	0	6	0	0.0	0.0	False	train
521782351.6601.6601	civil	0	7	0	0.0	0.0	False	train
52230006.113483.112880	derailed	1	10	0	0.0	0.0	False	train
522916562.122900.118797	derailed	1	10	0	0.0	0.0	False	train
523283242.9620.9620	derailed	1	7	0	0.0	0.0	False	train
523867942.21566.21566	derailed	1	11	0	0.0	0.0	False	train
523981945.10421.10421	derailed	1	10	0	0.0	0.0	False	train
525479735.6092.6092	civil	0	7	0	0.0	0.0	False	train
52549414.40554.40554	derailed	1	10	0	0.0	0.0	False	train
52609372.5998.5998	civil	0	4	4	0.06982331	0.0325390115	True	train
52612901.168466.168466	civil	0	9	0	0.0	0.0	False	train
52636561.7569.7569	derailed	1	6	0	0.0	0.0	False	train
52656032.622.622	derailed	1	9	0	0.0	0.0	False	train
526693678.11756.11756	civil	0	8	0	0.0	0.0	False	train
526738925.74925.74925	derailed	1	8	0	0.0	0.0	False	train
52680746.95773.95773	derailed	1	10	0	0.0	0.0	False	train
526978204.16609.16609	derailed	1	8	0	0.0	0.0	False	train
527043028.41537.41537	civil	0	7	0	0.0	0.0	False	train
527420253.30367.30367	derailed	1	10	0	0.0	0.0	False	train
527541783.31793.31793	civil	0	11	0	0.0	0.0	False	train
528270321.13069.13069	derailed	1	8	0	0.0	0.0	False	train
529156476.15474.15474	civil	0	6	0	0.0	0.0	False	train
529631343.17571.17571	derailed	1	7	0	0.0	0.0	False	train
530082648.21013.21013	civil	0	10	0	0.0	0.0	False	train
530905027.3856.3856	derailed	1	5	5	0.644523548297	0.22693160033578735	True	train
53117953.7705.7705	derailed	1	9	9	0.78593665	0.3009520642222222	True	train
531859108.16373.16373	civil	0	4	4	0.11378603459638716	0.0615845328533431	True	train
532556780.69002.69002	civil	0	7	0	0.0	0.0	False	train
532630460.73434.73434	derailed	1	10	0	0.0	0.0	False	train
53263722.171072.171072	civil	0	6	0	0.0	0.0	False	train
53375755.11975.11975	civil	0	9	9	0.26284707	0.10015028744444443	True	train
53389590.18899.18899	civil	0	7	0	0.0	0.0	False	train
53420222.119328.119328	civil	0	7	0	0.0	0.0	False	train
53469240.6858.6858	derailed	1	8	0	0.0	0.0	False	train
534718928.63886.63886	civil	0	6	0	0.0	0.0	False	train
534720027.64596.64596	derailed	1	11	0	0.0	0.0	False	train
534940157.26372.26372	civil	0	8	0	0.0	0.0	False	train
535229842.9966.9966	civil	0	10	0	0.0	0.0	False	train
536693283.718576.718583	derailed	1	11	0	0.0	0.0	False	train
536876507.8124.8124	derailed	1	9	9	0.8239668	0.2614526652222222	True	train
53723606.56916.56916	derailed	1	7	0	0.0	0.0	False	train
53733159.38298.38298	civil	0	7	0	0.0	0.0	False	train
537578306.1259.1259	civil	0	7	0	0.0	0.0	False	train
537645090.43863.43863	derailed	1	11	0	0.0	0.0	False	train
538006388.4187.4169	derailed	1	6	0	0.0	0.0	False	train
53875133.80110.80110	derailed	1	9	9	0.6250272	0.139560689	True	train
539164486.186989.186989	derailed	1	8	0	0.0	0.0	False	train
53918124.0.0	derailed	1	6	0	0.0	0.0	False	train
539530522.36207.36207	derailed	1	6	0	0.0	0.0	False	train
539562517.94583.94583	civil	0	11	0	0.0	0.0	False	train
539977430.19548.19548	derailed	1	8	0	0.0	0.0	False	train
540226486.108351.108351	derailed	1	6	0	0.0	0.0	False	train
54048596.1137.1137	derailed	1	9	0	0.0	0.0	False	train
54234616.2365.2365	civil	0	6	0	0.0	0.0	False	train
543142607.2585.2585	derailed	1	10	0	0.0	0.0	False	train
543908904.1809.1809	civil	0	7	7	0.124945655	0.04575821254285715	True	train
54407221.179519.179519	derailed	1	10	0	0.0	0.0	False	train
54432334.35296.35296	civil	0	6	0	0.0	0.0	False	train
544444264.18773.18773	derailed	1	10	0	0.0	0.0	False	train
545121908.137079.137079	civil	0	7	0	0.0	0.0	False	train
54539899.1435.1435	civil	0	7	0	0.0	0.0	False	train
54570300.3533.3533	civil	0	8	0	0.0	0.0	False	train
546319590.22639.22639	derailed	1	10	0	0.0	0.0	False	train
54635756.10010.10010	civil	0	6	0	0.0	0.0	False	train
546362907.15876.15876	civil	0	13	0	0.0	0.0	False	train
546621482.4885.4885	derailed	1	7	0	0.0	0.0	False	train
546756837.15914.15914	civil	0	8	0	0.0	0.0	False	train
54798892.46388.46388	civil	0	5	5	0.2086853	0.061118993200000006	True	train
548051811.108.108	derailed	1	10	0	0.0	0.0	False	train
548473533.12722.12722	civil	0	9	0	0.0	0.0	False	train
548578347.7347.7347	derailed	1	4	4	0.0	0.0	True	train
549273.0.0	civil	0	9	0	0.0	0.0	False	train
549547180.18784.18784	derailed	1	9	0	0.0	0.0	False	train
550064581.1228.1228	derailed	1	6	6	0.7009271007619999	0.21828884526774628	True	train
550702572.100467.100467	derailed	1	6	0	0.0	0.0	False	train
550911154.2522.23642	civil	0	6	0	0.0	0.0	False	train
551106560.121775.121775	civil	0	9	0	0.0	0.0	False	train
551162394.134653.134653	derailed	1	8	0	0.0	0.0	False	train
551297239.1848.1848	derailed	1	5	5	0.60783094	0.1927562052	True	train
551652283.4111.4111	civil	0	4	4	0.14886774	0.06682532149999999	True	train
551965490.13765.13765	civil	0	7	0	0.0	0.0	False	train
552284675.90963.90963	derailed	1	7	0	0.0	0.0	False	train
552809243.38691.38691	civil	0	7	0	0.0	0.0	False	train
553036202.30758.30758	civil	0	6	0	0.0	0.0	False	train
55319697.622.622	civil	0	4	4	0.023449158	0.01179881225	True	train
55321427.94808.94808	civil	0	9	0	0.0	0.0	False	train
554167286.951.951	derailed	1	4	4	0.7009271007619999	0.23173055564233455	True	train
55437406.13413.13413	civil	0	8	0	0.0	0.0	False	train
55479994.0.0	civil	0	7	0	0.0	0.0	False	train
555386626.4434.4434	civil	0	6	6	0.0	0.0	True	train
55603010.218.218	derailed	1	8	0	0.0	0.0	False	train
556043910.116934.116934	civil	0	11	0	0.0	0.0	False	train
556258287.118411.118411	derailed	1	9	0	0.0	0.0	False	train
556488055.21634.21634	civil	0	9	0	0.0	0.0	False	train
55667494.17486.17486	derailed	1	6	0	0.0	0.0	False	train
557167461.150207.150207	derailed	1	11	0	0.0	0.0	False	train
557241016.70455.70455	derailed	1	10	0	0.0	0.0	False	train
55739032.303536.303536	civil	0	6	0	0.0	0.0	False	train
557460332.59541.59541	civil	0	11	0	0.0	0.0	False	train
557645414.14238.14238	derailed	1	7	0	0.0	0.0	False	train
558168517.2355.2355	derailed	1	7	7	0.73544263817	0.17379069189629917	True	train
558440004.178632.178632	civil	0	7	0	0.0	0.0	False	train
558795269.73364.73364	civil	0	7	0	0.0	0.0	False	train
558820294.92692.92692	derailed	1	11	0	0.0	0.0	False	train
559067764.106637.106637	civil	0	7	0	0.0	0.0	False	train
559556411.15476.15476	derailed	1	7	0	0.0	0.0	False	train
560070136.60658.60658	civil	0	8	0	0.0	0.0	False	train
560259674.128161.128161	derailed	1	7	0	0.0	0.0	False	train
560862004.96561.96561	derailed	1	6	0	0.0	0.0	False	train
56136548.16311.16311	derailed	1	10	0	0.0	0.0	False	train
561458226.159712.159712	civil	0	6	0	0.0	0.0	False	train
561648939.3059.3059	civil	0	8	0	0.0	0.0	False	train
561853684.9681.9681	civil	0	6	0	0.0	0.0	False	train
561890249.852.852	derailed	1	11	0	0.0	0.0	False	train
562454793.7640.7640	civil	0	8	0	0.0	0.0	False	train
562534365.163500.163500	derailed	1	11	0	0.0	0.0	False	train
562610269.16572.16572	derailed	1	6	0	0.0	0.0	False	train
562870977.7738.7738	derailed	1	11	0	0.0	0.0	False	train
562919791.938.938	derailed	1	4	4	0.0	0.0	True	train
563005896.24098.24098	derailed	1	10	0	0.0	0.0	False	train
563173032.84104.84104	derailed	1	6	0	0.0	0.0	False	train
563196185.83967.83967	derailed	1	10	0	0.0	0.0	False	train
563871448.5626.5626	civil	0	4	4	0.25829265677597096	0.09648657183782532	True	train
564039189.253.253	derailed	1	6	0	0.0	0.0	False	train
564041312.258.258	civil	0	6	0	0.0	0.0	False	train
564554335.3427.3427	derailed	1	7	7	0.644523548297	0.19562215692661106	True	train
564588418.17404.17404	civil	0	8	0	0.0	0.0	False	train
564672755.776.776	derailed	1	9	0	0.0	0.0	False	train
565418026.56821.56821	civil	0	6	0	0.0	0.0	False	train
565581663.71024.71024	derailed	1	8	0	0.0	0.0	False	train
565853731.75266.75266	civil	0	8	0	0.0	0.0	False	train
566092968.39230.39230	derailed	1	10	0	0.0	0.0	False	train
567302410.107325.107325	derailed	1	6	0	0.0	0.0	False	train
567943727.35601.35601	derailed	1	6	0	0.0	0.0	False	train
568374772.40211.40211	derailed	1	8	0	0.0	0.0	False	train
56842622.75025.75025	civil	0	7	0	0.0	0.0	False	train
569693083.53034.53034	derailed	1	10	0	0.0	0.0	False	train
570690471.2411.2413	derailed	1	4	4	0.0	0.0	True	train
571204531.33951.33951	civil	0	7	0	0.0	0.0	False	train
57121918.101888.101888	civil	0	8	0	0.0	0.0	False	train
57195711.13937.13937	civil	0	7	0	0.0	0.0	False	train
572505611.57244.57244	civil	0	7	0	0.0	0.0	False	train
57347548.60998.60998	derailed	1	6	0	0.0	0.0	False	train
57356739.19253.19253	derailed	1	5	5	0.9898205	0.297301628	True	train
573862427.1693.1693	derailed	1	5	5	0.9304754	0.2198093894	True	train
573992586.26471.26471	derailed	1	9	0	0.0	0.0	False	train
574014713.2981.2981	derailed	1	8	0	0.0	0.0	False	train
57407743.11513.11513	derailed	1	5	5	0.73544264	0.20392363119999998	True	train
574087747.46877.46877	civil	0	6	0	0.0	0.0	False	train
574523100.210269.210269	derailed	1	7	0	0.0	0.0	False	train
574623966.43581.43581	derailed	1	7	0	0.0	0.0	False	train
574785566.39590.39590	derailed	1	6	0	0.0	0.0	False	train
57536037.15804.15804	civil	0	8	0	0.0	0.0	False	train
575697309.2726.2726	derailed	1	5	5	0.8761376000000001	0.2153467182	True	train
575704490.3854.3854	civil	0	8	8	0.19805212	0.09322432424999999	True	train
575780939.19620.19620	civil	0	6	6	0.05192227424286087	0.032162253432024314	True	train
57640342.99237.99237	derailed	1	6	0	0.0	0.0	False	train
576608702.45539.45539	civil	0	10	0	0.0	0.0	False	train
578785174.10548.9943	civil	0	9	0	0.0	0.0	False	train
578827371.59966.59966	civil	0	10	0	0.0	0.0	False	train
578859686.3520.3520	derailed	1	10	0	0.0	0.0	False	train
579248420.38131.38131	derailed	1	7	0	0.0	0.0	False	train
580012192.37957.37957	derailed	1	6	0	0.0	0.0	False	train
580068105.84110.84110	derailed	1	10	0	0.0	0.0	False	train
58139977.0.0	derailed	1	6	0	0.0	0.0	False	train
58141992.16308.16308	civil	0	6	0	0.0	0.0	False	train
581535661.46399.46399	civil	0	7	0	0.0	0.0	False	train
581671384.487.487	derailed	1	5	5	0.77587414	0.1972174974	True	train
581781813.726.726	civil	0	10	0	0.0	0.0	False	train
582198880.150.150	derailed	1	9	0	0.0	0.0	False	train
582230060.51501.51501	civil	0	7	0	0.0	0.0	False	train
582297704.267.267	civil	0	6	6	0.101809494	0.029713323	True	train
58286533.2629.2629	civil	0	4	4	0.0	0.0	True	train
58292869.3109.3109	derailed	1	7	0	0.0	0.0	False	train
583462014.152132.152132	civil	0	6	0	0.0	0.0	False	train
583663623.163476.163476	derailed	1	6	0	0.0	0.0	False	train
58379926.2006.2006	civil	0	6	0	0.0	0.0	False	train
58487412.26620.26128	derailed	1	10	0	0.0	0.0	False	train
585061428.38941.38941	derailed	1	8	0	0.0	0.0	False	train
585305964.8297.8297	civil	0	4	4	0.1793404726939525	0.08863511361668866	True	train
58625603.8625.8625	derailed	1	9	0	0.0	0.0	False	train
586320091.121449.121449	derailed	1	9	0	0.0	0.0	False	train
58635054.4163.4145	civil	0	3	3	0.17849559085705974	0.07700323199996124	True	train
587216034.136883.136883	civil	0	7	0	0.0	0.0	False	train
587245548.14729.14729	derailed	1	7	0	0.0	0.0	False	train
587317497.139064.139064	civil	0	6	0	0.0	0.0	False	train
587524038.1411.1411	derailed	1	4	4	0.959263060712132	0.34455682555374617	True	train
58803652.171961.171961	derailed	1	7	0	0.0	0.0	False	train
58835577.90595.90595	derailed	1	7	0	0.0	0.0	False	train
588729957.180501.180501	civil	0	10	0	0.0	0.0	False	train
589217545.0.0	derailed	1	5	5	0.7797604	0.257771426	True	train
58958655.9666.9666	civil	0	7	0	0.0	0.0	False	train
589848222.35144.35144	civil	0	6	0	0.0	0.0	False	train
590414729.4611.4611	civil	0	6	0	0.0	0.0	False	train
590438630.41744.41744	derailed	1	6	0	0.0	0.0	False	train
590727631.24246.24246	derailed	1	8	0	0.0	0.0	False	train
59084007.108289.108289	derailed	1	8	0	0.0	0.0	False	train
590944497.53053.53053	civil	0	5	5	0.1112830954981572	0.05582542051049658	True	train
59100865.3683.3683	derailed	1	7	0	0.0	0.0	False	train
59102551.19689.19689	civil	0	8	0	0.0	0.0	False	train
591212960.138501.138501	derailed	1	7	0	0.0	0.0	False	train
59139771.26.26	derailed	1	8	0	0.0	0.0	False	train
59141106.42876.42876	derailed	1	6	0	0.0	0.0	False	train
591413890.123652.123652	civil	0	6	0	0.0	0.0	False	train
591449287.126351.126351	derailed	1	6	0	0.0	0.0	False	train
59146267.59669.59669	derailed	1	6	0	0.0	0.0	False	train
591509932.51792.51565	civil	0	7	0	0.0	0.0	False	train
59172740.26.26	civil	0	8	0	0.0	0.0	False	train
59172979.120711.120711	civil	0	8	0	0.0	0.0	False	train
591836928.152308.152308	civil	0	7	0	0.0	0.0	False	train
592413106.22745.22745	civil	0	6	0	0.0	0.0	False	train
592413174.22745.22745	derailed	1	6	0	0.0	0.0	False	train
59246228.24315.24315	civil	0	7	0	0.0	0.0	False	train
59296194.7944.7944	civil	0	6	0	0.0	0.0	False	train
592996737.44960.44960	civil	0	10	0	0.0	0.0	False	train
593236417.161740.161740	derailed	1	7	0	0.0	0.0	False	train
593252364.30233.30233	derailed	1	7	7	0.7813020473890001	0.21188635539289777	True	train
593261058.4273.4273	civil	0	6	0	0.0	0.0	False	train
593340178.183180.183180	derailed	1	10	0	0.0	0.0	False	train
593366717.98735.97428	derailed	1	6	0	0.0	0.0	False	train
593372148.102814.102814	civil	0	6	0	0.0	0.0	False	train
594025802.160715.160715	derailed	1	6	0	0.0	0.0	False	train
594065553.122161.122161	civil	0	11	0	0.0	0.0	False	train
5942738.18077.18028	derailed	1	6	0	0.0	0.0	False	train
594306682.5259.5259	civil	0	8	8	0.1218983062688668	0.07297166810212158	True	train
59573834.9091.9091	derailed	1	5	5	0.77041286	0.2952357452	True	train
595811111.10888.10888	civil	0	7	0	0.0	0.0	False	train
595973012.2887.2887	civil	0	8	0	0.0	0.0	False	train
596036332.14834.14834	derailed	1	5	5	0.0	0.0	True	train
596225214.7675.7675	derailed	1	6	0	0.0	0.0	False	train
596847240.73370.73370	derailed	1	10	0	0.0	0.0	False	train
597256006.728.728	civil	0	7	0	0.0	0.0	False	train
597427865.21945.21945	civil	0	9	0	0.0	0.0	False	train
597665377.86032.86032	civil	0	7	0	0.0	0.0	False	train
59785793.2782.2782	civil	0	7	0	0.0	0.0	False	train
59797248.10412.10412	civil	0	4	4	0.13248473	0.043223529249999997	True	train
598399547.7831.7831	derailed	1	6	0	0.0	0.0	False	train
598436644.91045.91045	derailed	1	7	0	0.0	0.0	False	train
598571628.115274.115274	civil	0	7	0	0.0	0.0	False	train
598664341.8324.8324	civil	0	7	0	0.0	0.0	False	train
598842797.156896.156896	civil	0	6	0	0.0	0.0	False	train
599360441.31464.31464	derailed	1	7	0	0.0	0.0	False	train
599363962.34553.34245	civil	0	10	0	0.0	0.0	False	train
599451117.40623.40623	derailed	1	8	0	0.0	0.0	False	train
599501423.15498.15498	civil	0	4	4	0.0	0.0	True	train
599580710.57069.57069	civil	0	7	0	0.0	0.0	False	train
599631634.8263.8263	civil	0	7	0	0.0	0.0	False	train
600799564.75487.75487	derailed	1	8	0	0.0	0.0	False	train
60115345.1603.1603	civil	0	10	0	0.0	0.0	False	train
601204270.35532.35524	civil	0	7	0	0.0	0.0	False	train
60125957.3520.3520	civil	0	8	0	0.0	0.0	False	train
60153840.138725.138725	civil	0	8	0	0.0	0.0	False	train
601577245.282471.282471	civil	0	12	0	0.0	0.0	False	train
60181816.11206.11206	civil	0	6	0	0.0	0.0	False	train
602394344.122058.122058	derailed	1	6	0	0.0	0.0	False	train
602430647.16567.16567	civil	0	6	0	0.0	0.0	False	train
602651222.444.444	derailed	1	10	0	0.0	0.0	False	train
603068273.12038.12038	derailed	1	5	5	0.9350300783882844	0.29695207246191685	True	train
603098444.13856.13856	civil	0	4	4	0.06667364133897548	0.03670106496430019	True	train
603345229.181319.181319	derailed	1	8	0	0.0	0.0	False	train
603375076.184835.184835	derailed	1	7	0	0.0	0.0	False	train
603519459.190824.190824	civil	0	7	0	0.0	0.0	False	train
603592188.28359.28359	derailed	1	11	0	0.0	0.0	False	train
603646580.62777.62777	derailed	1	7	0	0.0	0.0	False	train
603847875.10307.10307	civil	0	7	0	0.0	0.0	False	train
60424911.222524.222524	civil	0	9	0	0.0	0.0	False	train
60581883.4727.4727	derailed	1	5	5	0.644523548297	0.21770185619373975	True	train
605986101.165161.165161	civil	0	10	0	0.0	0.0	False	train
60639992.46582.46582	derailed	1	7	0	0.0	0.0	False	train
607229579.25031.25031	civil	0	7	0	0.0	0.0	False	train
607273760.94914.94914	civil	0	8	0	0.0	0.0	False	train
607457423.100895.100895	derailed	1	8	0	0.0	0.0	False	train
607752691.9974.9965	civil	0	5	5	0.12873349	0.0586451154	True	train
608311612.0.0	civil	0	5	5	0.3374472954983169	0.1500799595934479	True	train
60908789.3122.3122	civil	0	6	0	0.0	0.0	False	train
609301570.111369.111369	civil	0	8	0	0.0	0.0	False	train
610383147.46409.46409	civil	0	14	0	0.0	0.0	False	train
610398358.41338.41338	derailed	1	6	0	0.0	0.0	False	train
61087179.238.238	derailed	1	11	0	0.0	0.0	False	train
611007606.81872.81872	derailed	1	7	0	0.0	0.0	False	train
611016032.14054.14054	civil	0	9	0	0.0	0.0	False	train
611037686.26619.26619	derailed	1	6	0	0.0	0.0	False	train
611533451.48985.48985	civil	0	6	0	0.0	0.0	False	train
61157631.153078.153078	derailed	1	8	0	0.0	0.0	False	train
612144590.5328.5328	civil	0	6	0	0.0	0.0	False	train
61224438.12134.12134	derailed	1	8	0	0.0	0.0	False	train
612888552.3071.3071	civil	0	6	0	0.0	0.0	False	train
612904344.4068.4068	derailed	1	7	0	0.0	0.0	False	train
615438945.52551.52551	derailed	1	10	0	0.0	0.0	False	train
61586608.35266.35266	civil	0	9	0	0.0	0.0	False	train
616199785.10850.10850	derailed	1	9	0	0.0	0.0	False	train
616262536.309119.309119	civil	0	6	0	0.0	0.0	False	train
616797661.3619.3619	derailed	1	8	0	0.0	0.0	False	train
616866220.7157.7157	civil	0	9	0	0.0	0.0	False	train
61748231.12741.12741	civil	0	9	0	0.0	0.0	False	train
618044170.6847.6847	derailed	1	6	0	0.0	0.0	False	train
6183604.0.0	derailed	1	6	0	0.0	0.0	False	train
619390204.12909.12909	civil	0	6	0	0.0	0.0	False	train
61980418.112840.112840	derailed	1	7	0	0.0	0.0	False	train
619817658.8986.8986	civil	0	5	5	0.3006529863086748	0.1257938996155757	True	train
620495641.44285.44285	derailed	1	7	0	0.0	0.0	False	train
62056373.31152.31152	civil	0	6	0	0.0	0.0	False	train
620592311.51178.51178	civil	0	9	0	0.0	0.0	False	train
620817957.918.918	derailed	1	5	5	0.67711049373	0.19451331694736304	True	train
620851825.2321.2321	civil	0	8	0	0.0	0.0	False	train
62087429.189530.189530	civil	0	6	0	0.0	0.0	False	train
621116201.69704.69704	civil	0	7	0	0.0	0.0	False	train
621196590.26560.26576	civil	0	6	0	0.0	0.0	False	train
621681020.604.604	civil	0	6	6	0.15710117407651242	0.07508955386435053	True	train
622274329.861.861	derailed	1	3	3	0.7813020473890001	0.34798371903903824	True	train
62236320.4030.4030	civil	0	6	0	0.0	0.0	False	train
623024521.176486.176486	civil	0	11	0	0.0	0.0	False	train
623080636.213896.213896	derailed	1	11	0	0.0	0.0	False	train
623226349.1092.1092	derailed	1	5	5	0.7009271007619999	0.22198284594614054	True	train
62355098.12809.12809	civil	0	7	0	0.0	0.0	False	train
62380614.44707.44707	civil	0	6	0	0.0	0.0	False	train
623925770.1777.0	derailed	1	7	7	0.72970563	0.17969296799999998	True	train
62396724.47175.47175	derailed	1	6	0	0.0	0.0	False	train
624182961.95086.95086	civil	0	6	0	0.0	0.0	False	train
624698476.12895.12895	civil	0	9	0	0.0	0.0	False	train
624721061.49980.49747	civil	0	6	0	0.0	0.0	False	train
624786862.87988.87988	derailed	1	6	0	0.0	0.0	False	train
624940602.147138.147138	civil	0	8	0	0.0	0.0	False	train
625322884.2401.2401	civil	0	6	0	0.0	0.0	False	train
6256637.9083.9083	civil	0	10	0	0.0	0.0	False	train
625870581.20511.20511	derailed	1	6	0	0.0	0.0	False	train
626028390.17390.17390	derailed	1	6	0	0.0	0.0	False	train
626615778.10714.10466	derailed	1	6	0	0.0	0.0	False	train
627097566.118.118	derailed	1	9	0	0.0	0.0	False	train
627108486.1324.1324	civil	0	6	0	0.0	0.0	False	train
627259669.22950.22950	civil	0	3	3	0.08853042929214215	0.05984792301624412	True	train
627399732.142712.142712	derailed	1	9	0	0.0	0.0	False	train
627652477.4357.4357	derailed	1	7	7	0.9763656826429415	0.271476872572784	True	train
627931799.22302.22302	derailed	1	8	0	0.0	0.0	False	train
627959865.458.458	derailed	1	8	0	0.0	0.0	False	train
62813926.61582.61582	derailed	1	4	4	0.64452356	0.20836047675	True	train
628163509.36492.36492	civil	0	7	0	0.0	0.0	False	train
628485714.131707.131707	civil	0	9	0	0.0	0.0	False	train
628588613.245396.245396	derailed	1	9	0	0.0	0.0	False	train
62890334.37191.37191	civil	0	9	0	0.0	0.0	False	train
628932204.11122.11122	derailed	1	7	0	0.0	0.0	False	train
62900025.41968.41968	derailed	1	9	0	0.0	0.0	False	train
629107144.10890.10890	derailed	1	5	5	0.644523548297	0.1924377759537176	True	train
629226829.850.55	civil	0	6	0	0.0	0.0	False	train
629281893.191107.191107	derailed	1	6	0	0.0	0.0	False	train
629293937.158885.158885	derailed	1	11	0	0.0	0.0	False	train
629314422.201658.201658	civil	0	7	0	0.0	0.0	False	train
629393677.37752.37752	derailed	1	6	0	0.0	0.0	False	train
62993702.1652.1652	derailed	1	6	6	0.7920003144832898	0.18915394749872727	True	train
63014639.42624.42624	civil	0	7	0	0.0	0.0	False	train
63084952.38734.38734	derailed	1	6	0	0.0	0.0	False	train
631253067.395913.395913	civil	0	7	0	0.0	0.0	False	train
631276806.289353.289353	derailed	1	8	0	0.0	0.0	False	train
631393158.20505.20505	civil	0	8	0	0.0	0.0	False	train
63190280.43932.43932	derailed	1	7	0	0.0	0.0	False	train
631978852.3612.3239	civil	0	7	7	0.2121903	0.091596872	True	train
632620554.280104.280104	derailed	1	11	0	0.0	0.0	False	train
632747798.16771.16771	civil	0	9	0	0.0	0.0	False	train
6331806.9391.9391	civil	0	9	0	0.0	0.0	False	train
63353215.0.0	derailed	1	6	0	0.0	0.0	False	train
633583803.63256.63256	derailed	1	7	0	0.0	0.0	False	train
63375088.121993.121993	civil	0	7	0	0.0	0.0	False	train
63473788.63951.63951	civil	0	6	0	0.0	0.0	False	train
63510424.147201.147201	derailed	1	7	0	0.0	0.0	False	train
635468186.50155.50155	derailed	1	7	0	0.0	0.0	False	train
63549647.6296.6296	civil	0	5	5	0.0	0.0	True	train
635857710.47169.47169	derailed	1	7	0	0.0	0.0	False	train
636324308.720.720	derailed	1	11	0	0.0	0.0	False	train
636359543.10566.10566	civil	0	9	0	0.0	0.0	False	train
63648666.0.0	civil	0	10	0	0.0	0.0	False	train
636834289.176155.176155	civil	0	7	0	0.0	0.0	False	train
6369883.18516.18516	civil	0	6	0	0.0	0.0	False	train
637104434.2571.2571	civil	0	6	0	0.0	0.0	False	train
637956280.2202.2202	civil	0	6	0	0.0	0.0	False	train
638396281.18463.18463	civil	0	11	0	0.0	0.0	False	train
63891746.16062.16062	derailed	1	10	0	0.0	0.0	False	train
638992112.37014.37014	derailed	1	6	0	0.0	0.0	False	train
639350961.114798.114798	derailed	1	10	0	0.0	0.0	False	train
639648099.38003.38003	derailed	1	10	0	0.0	0.0	False	train
63982422.15441.15441	derailed	1	7	0	0.0	0.0	False	train
64076409.109440.109440	derailed	1	11	0	0.0	0.0	False	train
641194879.3810.3810	derailed	1	11	0	0.0	0.0	False	train
641348890.13805.13805	civil	0	7	0	0.0	0.0	False	train
64140178.81699.81699	civil	0	6	0	0.0	0.0	False	train
64172035.145287.145287	civil	0	7	0	0.0	0.0	False	train
6418259.1915.1915	derailed	1	7	0	0.0	0.0	False	train
64220636.212.212	civil	0	6	0	0.0	0.0	False	train
642926689.76541.76541	civil	0	6	0	0.0	0.0	False	train
642931614.78725.78725	civil	0	10	0	0.0	0.0	False	train
643070284.39746.39746	civil	0	11	0	0.0	0.0	False	train
643105746.1183.1183	derailed	1	10	0	0.0	0.0	False	train
643141028.22240.22240	derailed	1	9	0	0.0	0.0	False	train
64326829.2148.2148	derailed	1	5	5	0.6239983642138461	0.19753928611400715	True	train
64328022.65166.65166	derailed	1	6	0	0.0	0.0	False	train
64370619.31206.31206	civil	0	6	0	0.0	0.0	False	train
643903210.49996.49803	derailed	1	7	7	0.7751049344952692	0.1728668996142317	True	train
644428921.14705.14705	civil	0	8	0	0.0	0.0	False	train
645324539.8059.8059	civil	0	9	0	0.0	0.0	False	train
645566650.18247.10742	civil	0	8	0	0.0	0.0	False	train
64625773.1597.1597	civil	0	7	0	0.0	0.0	False	train
646310893.197356.197356	civil	0	6	0	0.0	0.0	False	train
6464605.35747.35747	derailed	1	10	0	0.0	0.0	False	train
646528322.20758.20758	civil	0	6	0	0.0	0.0	False	train
646577965.0.0	derailed	1	6	0	0.0	0.0	False	train
647093870.4991.4991	derailed	1	8	0	0.0	0.0	False	train
648369495.33462.33462	derailed	1	6	0	0.0	0.0	False	train
648423195.135356.135356	derailed	1	10	0	0.0	0.0	False	train
64890639.141165.141165	civil	0	8	0	0.0	0.0	False	train
648915220.220692.220692	derailed	1	8	0	0.0	0.0	False	train
650023950.1830.1830	civil	0	6	0	0.0	0.0	False	train
650162047.43690.43690	civil	0	10	0	0.0	0.0	False	train
65058998.2939.2939	civil	0	8	8	0.16862925172366475	0.07175887283846787	True	train
651357807.3677.3679	civil	0	3	3	0.061558164526541996	0.04907208631862856	True	train
65155704.439.439	civil	0	6	0	0.0	0.0	False	train
65165121.6372.6372	civil	0	5	5	0.15099151	0.07309132339999999	True	train
651780247.26647.26647	derailed	1	10	0	0.0	0.0	False	train
651847867.39024.39024	civil	0	10	0	0.0	0.0	False	train
653143049.6324.6324	civil	0	10	0	0.0	0.0	False	train
653440114.31887.31887	derailed	1	7	0	0.0	0.0	False	train
654018398.54350.54350	derailed	1	9	0	0.0	0.0	False	train
654089366.36150.36150	civil	0	6	0	0.0	0.0	False	train
654090309.36150.36150	derailed	1	6	0	0.0	0.0	False	train
654204993.43105.43105	civil	0	7	0	0.0	0.0	False	train
654238997.7441.7441	civil	0	6	0	0.0	0.0	False	train
654609565.110501.110501	civil	0	6	0	0.0	0.0	False	train
654632333.16376.16376	civil	0	8	0	0.0	0.0	False	train
65468745.2158.2150	derailed	1	10	10	0.67711049373	0.10850374152869698	True	train
654854573.12533.12533	civil	0	6	6	0.562779	0.1541844465	True	train
654855584.12767.12767	derailed	1	6	6	0.6131842	0.16173036533333332	True	train
655844491.77776.77776	civil	0	6	0	0.0	0.0	False	train
65623511.956.956	derailed	1	5	5	0.0	0.0	True	train
65755130.0.0	civil	0	4	4	0.0	0.0	True	train
657577294.6809.6809	derailed	1	8	0	0.0	0.0	False	train
657976420.26995.26995	derailed	1	6	0	0.0	0.0	False	train
65813152.4446.4446	derailed	1	9	0	0.0	0.0	False	train
65823673.469.469	derailed	1	5	5	0.64452356	0.1673321788	True	train
658511898.201.201	civil	0	8	0	0.0	0.0	False	train
658690366.54380.54380	civil	0	6	0	0.0	0.0	False	train
659042646.80662.80662	derailed	1	7	0	0.0	0.0	False	train
65904573.116924.116924	civil	0	6	0	0.0	0.0	False	train
659702336.185615.185615	derailed	1	7	0	0.0	0.0	False	train
659886530.243611.243611	civil	0	7	0	0.0	0.0	False	train
660685354.41610.41610	derailed	1	8	0	0.0	0.0	False	train
661049857.57836.56230	civil	0	6	0	0.0	0.0	False	train
661735585.17094.17094	civil	0	8	0	0.0	0.0	False	train
661826880.32340.32340	derailed	1	8	0	0.0	0.0	False	train
661867016.14259.14259	civil	0	7	0	0.0	0.0	False	train
662435811.41169.41169	civil	0	10	0	0.0	0.0	False	train
662495276.19868.19868	civil	0	6	6	0.08207016448585648	0.03797605923548418	True	train
6626691.15141.15141	derailed	1	10	0	0.0	0.0	False	train
662874704.906.906	civil	0	11	0	0.0	0.0	False	train
662885687.6215.6215	derailed	1	8	0	0.0	0.0	False	train
663151302.9932.9932	derailed	1	7	0	0.0	0.0	False	train
663466075.45778.45778	civil	0	8	0	0.0	0.0	False	train
663615048.38472.38472	civil	0	8	0	0.0	0.0	False	train
66395366.97396.97396	derailed	1	6	0	0.0	0.0	False	train
664088133.19462.19462	derailed	1	7	0	0.0	0.0	False	train
664532526.96287.96287	derailed	1	11	0	0.0	0.0	False	train
664942534.663.663	civil	0	8	8	0.309045580842476	0.13383955005690396	True	train
665075602.3270.3270	civil	0	6	6	0.24099655	0.12432799833333334	True	train
66515013.16961.16961	derailed	1	7	0	0.0	0.0	False	train
6652561.3262.3262	civil	0	6	0	0.0	0.0	False	train
665460096.133461.133461	derailed	1	9	0	0.0	0.0	False	train
665524181.4487.4487	civil	0	4	4	0.2330825864792118	0.1163557808815591	True	train
665739499.9482.9482	derailed	1	9	0	0.0	0.0	False	train
665762638.62512.62512	derailed	1	6	0	0.0	0.0	False	train
665907469.43913.43913	derailed	1	9	0	0.0	0.0	False	train
666318801.3401.3401	civil	0	7	0	0.0	0.0	False	train
667132827.2618.2618	civil	0	8	0	0.0	0.0	False	train
667248804.36578.36578	derailed	1	6	0	0.0	0.0	False	train
667264776.1516.1516	civil	0	4	4	0.0494273970860632	0.025531474376134695	True	train
667399771.10067.10067	civil	0	10	0	0.0	0.0	False	train
66753887.98754.98754	derailed	1	11	0	0.0	0.0	False	train
667584716.46896.46896	derailed	1	7	0	0.0	0.0	False	train
667623618.52842.55269	civil	0	8	0	0.0	0.0	False	train
667749241.44273.44273	derailed	1	7	0	0.0	0.0	False	train
667994902.1514.1514	derailed	1	7	0	0.0	0.0	False	train
66802637.1258.1258	derailed	1	5	5	0.6732710999999999	0.290737604	True	train
668291723.14392.14392	derailed	1	7	0	0.0	0.0	False	train
669252726.3918.3918	derailed	1	5	5	0.7009271	0.15991413780000002	True	train
669846952.17668.17668	civil	0	7	0	0.0	0.0	False	train
669851834.60900.60900	derailed	1	10	0	0.0	0.0	False	train
670364749.326.326	derailed	1	9	0	0.0	0.0	False	train
67060948.159093.159093	civil	0	13	13	0.35162625	0.0872130583846154	True	train
670734343.13332.13332	civil	0	8	0	0.0	0.0	False	train
671012701.5176.5176	civil	0	4	4	0.20747013	0.10447529850000001	True	train
67120441.11972.11972	derailed	1	10	0	0.0	0.0	False	train
671606529.35138.35138	civil	0	7	0	0.0	0.0	False	train
672143177.53464.53464	derailed	1	9	0	0.0	0.0	False	train
672427480.58478.58478	civil	0	6	0	0.0	0.0	False	train
672860829.7163.7163	civil	0	10	0	0.0	0.0	False	train
672951905.24371.24371	derailed	1	9	0	0.0	0.0	False	train
672995349.29420.29420	civil	0	6	0	0.0	0.0	False	train
673181306.162178.162178	civil	0	10	0	0.0	0.0	False	train
673639649.813.813	derailed	1	6	0	0.0	0.0	False	train
67444928.11043.11043	derailed	1	5	5	0.8761376000000001	0.23279729600000004	True	train
674557453.15271.15271	derailed	1	6	0	0.0	0.0	False	train
674810679.58615.58615	civil	0	8	0	0.0	0.0	False	train
67568898.558.558	derailed	1	9	9	0.89681244	0.23464861833333334	True	train
675926428.11822.11822	civil	0	7	0	0.0	0.0	False	train
67603881.5508.5496	derailed	1	6	6	0.6102542396690669	0.22988458749919186	True	train
676380030.60052.49647	derailed	1	10	0	0.0	0.0	False	train
676798046.15098.15098	derailed	1	11	0	0.0	0.0	False	train
676816571.9546.9546	derailed	1	9	0	0.0	0.0	False	train
677525916.58816.58816	civil	0	11	0	0.0	0.0	False	train
677924700.5027.5027	civil	0	4	4	0.043944262000000005	0.0218026515	True	train
67840709.0.0	derailed	1	9	0	0.0	0.0	False	train
67889814.5988.5988	civil	0	7	0	0.0	0.0	False	train
67900745.18568.18568	civil	0	6	0	0.0	0.0	False	train
679176527.69481.69481	derailed	1	10	0	0.0	0.0	False	train
67979393.20619.20619	derailed	1	10	0	0.0	0.0	False	train
679977815.1738.1738	civil	0	4	4	0.09319996	0.0522803775	True	train
68000691.25417.25417	derailed	1	5	5	0.82595015	0.31595127200000006	True	train
68073967.78384.78384	derailed	1	9	9	0.661341	0.20566442833333332	True	train
681047436.363.363	derailed	1	7	0	0.0	0.0	False	train
68107001.243523.243523	civil	0	6	0	0.0	0.0	False	train
68121124.7309.7309	civil	0	4	4	0.077605404	0.036148802	True	train
68187478.1311.1311	civil	0	6	0	0.0	0.0	False	train
682237248.2841.2841	derailed	1	9	0	0.0	0.0	False	train
68239781.15650.15650	civil	0	9	0	0.0	0.0	False	train
682629801.17038.17038	civil	0	8	0	0.0	0.0	False	train
683540507.33233.33233	derailed	1	6	0	0.0	0.0	False	train
683675192.136756.136756	derailed	1	10	0	0.0	0.0	False	train
683796924.803.803	civil	0	7	0	0.0	0.0	False	train
683816845.2195.2195	derailed	1	9	0	0.0	0.0	False	train
683913083.40310.40310	civil	0	6	0	0.0	0.0	False	train
6839175.4511.4511	derailed	1	6	0	0.0	0.0	False	train
684024919.10307.10307	derailed	1	7	0	0.0	0.0	False	train
6842916.53254.53254	civil	0	6	0	0.0	0.0	False	train
68434244.25865.25865	derailed	1	8	0	0.0	0.0	False	train
684638610.9425.9425	civil	0	7	0	0.0	0.0	False	train
684806114.167439.167439	civil	0	7	0	0.0	0.0	False	train
684945390.64435.64435	civil	0	7	0	0.0	0.0	False	train
685249515.73034.73034	derailed	1	6	0	0.0	0.0	False	train
685568333.23749.23749	derailed	1	11	0	0.0	0.0	False	train
685863120.2161.2161	civil	0	7	7	0.0	0.0	True	train
685986989.15817.15817	derailed	1	10	0	0.0	0.0	False	train
686504218.30009.30009	derailed	1	7	0	0.0	0.0	False	train
686593137.69139.69139	derailed	1	6	0	0.0	0.0	False	train
68779044.245595.245595	derailed	1	6	0	0.0	0.0	False	train
688274527.24508.24508	derailed	1	9	0	0.0	0.0	False	train
68848058.7850.7850	derailed	1	7	0	0.0	0.0	False	train
6885402.45492.45492	civil	0	4	4	0.3538346594527092	0.1583372853406604	True	train
68915988.454.454	derailed	1	6	0	0.0	0.0	False	train
689399324.365993.365993	civil	0	13	0	0.0	0.0	False	train
689554233.94320.94320	derailed	1	6	0	0.0	0.0	False	train
69001619.3826.3826	derailed	1	7	0	0.0	0.0	False	train
69020340.91333.91333	civil	0	6	0	0.0	0.0	False	train
69061967.2671.2671	civil	0	5	5	0.3363857681146164	0.19961862277506554	True	train
691025080.21334.21334	derailed	1	5	5	0.876137641081	0.22099335358542072	True	train
691403452.42110.42110	derailed	1	9	0	0.0	0.0	False	train
691503733.34893.34893	derailed	1	11	0	0.0	0.0	False	train
69195836.51934.51934	derailed	1	4	4	0.72768563	0.2230064335	True	train
692819984.2913.2913	derailed	1	7	0	0.0	0.0	False	train
694480507.8023.8023	civil	0	7	0	0.0	0.0	False	train
69483413.26912.26912	civil	0	6	0	0.0	0.0	False	train
69497833.3664.3664	derailed	1	7	0	0.0	0.0	False	train
69614928.3028.3028	derailed	1	5	5	0.6857853110764878	0.20988389242642516	True	train
69614928.3050.3050	derailed	1	5	5	0.78330106	0.229387068	True	train
696268831.3111.3111	civil	0	6	0	0.0	0.0	False	train
696303528.13809.13809	derailed	1	7	0	0.0	0.0	False	train
696399024.14914.14914	derailed	1	6	0	0.0	0.0	False	train
69709019.7547.7547	civil	0	6	0	0.0	0.0	False	train
697149974.13112.13112	civil	0	8	0	0.0	0.0	False	train
697198774.19933.19933	derailed	1	10	0	0.0	0.0	False	train
697244964.16728.16728	derailed	1	8	0	0.0	0.0	False	train
698184.0.0	civil	0	6	0	0.0	0.0	False	train
698185348.6126.6126	civil	0	10	0	0.0	0.0	False	train
698212857.7306.7306	civil	0	5	5	0.39438511382399394	0.12974742770977127	True	train
69843764.74377.74377	derailed	1	8	0	0.0	0.0	False	train
698697194.15286.15286	derailed	1	8	0	0.0	0.0	False	train
699165828.1198.1198	derailed	1	4	4	0.8672576538491273	0.3254813176176637	True	train
699252820.220173.220173	derailed	1	7	0	0.0	0.0	False	train
700313242.38347.38343	civil	0	9	0	0.0	0.0	False	train
700361091.65982.65982	civil	0	11	0	0.0	0.0	False	train
70045047.3594.3594	civil	0	4	4	0.33886713	0.11636249350000001	True	train
700632592.3763.3763	civil	0	8	0	0.0	0.0	False	train
70069209.33467.17269	derailed	1	10	0	0.0	0.0	False	train
700748905.2130.2130	civil	0	6	0	0.0	0.0	False	train
701210.5465.5465	derailed	1	6	0	0.0	0.0	False	train
70189795.71125.71125	civil	0	6	6	0.0	0.0	True	train
702276030.19720.19720	civil	0	7	0	0.0	0.0	False	train
702618212.32016.25328	civil	0	9	0	0.0	0.0	False	train
70283913.34353.34353	civil	0	6	0	0.0	0.0	False	train
70288805.36223.36223	derailed	1	6	0	0.0	0.0	False	train
704215190.0.0	derailed	1	3	3	0.72835344	0.27035233733333336	True	train
704242144.1514.1514	civil	0	7	7	0.25857620000000003	0.07172819200000001	True	train
704702218.3343.3343	derailed	1	6	6	0.73480713	0.24193166866666668	True	train
70475487.1262.1239	civil	0	4	4	0.06756301	0.028496186	True	train
704887626.1835.1835	civil	0	4	4	0.237544090854	0.11833569137125675	True	train
704935528.31657.31657	derailed	1	9	0	0.0	0.0	False	train
704980065.40389.40389	civil	0	7	0	0.0	0.0	False	train
705251469.43394.43394	civil	0	11	0	0.0	0.0	False	train
705349752.50607.50607	derailed	1	10	0	0.0	0.0	False	train
70586127.5626.5626	civil	0	8	0	0.0	0.0	False	train
70595250.11763.11763	civil	0	6	6	0.14611709	0.10213846	True	train
706098253.197028.197028	derailed	1	8	0	0.0	0.0	False	train
706349191.9362.9362	derailed	1	11	0	0.0	0.0	False	train
70801203.4680.4680	derailed	1	3	3	0.7356459340085623	0.39999804414393525	True	train
708269559.92828.92828	derailed	1	9	0	0.0	0.0	False	train
708472694.66370.66370	derailed	1	7	0	0.0	0.0	False	train
708553373.62735.62735	derailed	1	10	0	0.0	0.0	False	train
708713055.6994.6994	civil	0	5	5	0.0	0.0	True	train
70883624.1006.1006	civil	0	9	0	0.0	0.0	False	train
709029026.11890.11890	derailed	1	7	0	0.0	0.0	False	train
709142212.14570.14570	derailed	1	6	0	0.0	0.0	False	train
709417056.16828.16828	derailed	1	6	0	0.0	0.0	False	train
709553734.4699.4699	civil	0	6	0	0.0	0.0	False	train
709789654.843.843	derailed	1	6	6	0.902710108441	0.21602503447985558	True	train
71050060.102724.102724	derailed	1	6	0	0.0	0.0	False	train
711012435.131079.131079	civil	0	8	0	0.0	0.0	False	train
71192620.4431.4431	civil	0	10	10	0.19323520693940294	0.08903094493404141	True	train
712279577.10838.10838	derailed	1	11	0	0.0	0.0	False	train
712482192.58840.58840	derailed	1	6	0	0.0	0.0	False	train
712818599.2558.2558	derailed	1	5	5	0.7361067796029962	0.16202326674223827	True	train
712824894.24177.24177	civil	0	6	0	0.0	0.0	False	train
712947258.42746.42746	derailed	1	10	0	0.0	0.0	False	train
714183141.20530.20530	civil	0	7	0	0.0	0.0	False	train
715360991.20598.20598	civil	0	7	0	0.0	0.0	False	train
71560823.11284.11284	derailed	1	8	8	0.99723727	0.157804744125	True	train
715975983.4994.4994	derailed	1	6	6	0.7349398440606937	0.19500849874537707	True	train
717081779.107455.107455	civil	0	6	0	0.0	0.0	False	train
71816007.14000.14000	derailed	1	4	4	0.7009271	0.2795565875	True	train
718422314.268.268	derailed	1	6	0	0.0	0.0	False	train
71880377.3865.3865	derailed	1	3	3	0.6204712121568967	0.2584568146352105	True	train
71944556.77482.77482	civil	0	8	0	0.0	0.0	False	train
72020505.324357.324357	derailed	1	6	0	0.0	0.0	False	train
720358088.24812.24812	civil	0	9	0	0.0	0.0	False	train
72044395.15069.15069	civil	0	4	4	0.10785864	0.0499239175	True	train
72063631.8186.8186	civil	0	7	0	0.0	0.0	False	train
72201153.22144.22144	derailed	1	9	9	0.99369776	0.20899121133333334	True	train
722294469.83680.83680	derailed	1	7	0	0.0	0.0	False	train
72245815.88202.88202	derailed	1	7	0	0.0	0.0	False	train
72338301.15158.15158	derailed	1	8	0	0.0	0.0	False	train
724541734.46170.46170	derailed	1	7	0	0.0	0.0	False	train
724948980.23887.23887	civil	0	7	0	0.0	0.0	False	train
724994427.104618.104618	derailed	1	6	0	0.0	0.0	False	train
725208886.188942.188942	derailed	1	8	0	0.0	0.0	False	train
725336340.297538.297538	civil	0	8	0	0.0	0.0	False	train
725874736.171752.171752	civil	0	10	0	0.0	0.0	False	train
726426084.22655.22655	civil	0	8	0	0.0	0.0	False	train
72682267.33326.33326	civil	0	6	0	0.0	0.0	False	train
72716858.26992.26992	civil	0	7	0	0.0	0.0	False	train
728159376.47867.47867	civil	0	6	0	0.0	0.0	False	train
728257358.628.628	civil	0	7	7	0.12302480362967093	0.050600065098466415	True	train
728312878.52653.52653	derailed	1	8	0	0.0	0.0	False	train
72858534.13913.13913	civil	0	8	0	0.0	0.0	False	train
72927733.10786.10786	derailed	1	11	0	0.0	0.0	False	train
729791.1383.1383	derailed	1	9	0	0.0	0.0	False	train
730552237.426.426	derailed	1	3	3	0.8459428	0.4054992906666666	True	train
73079937.38503.38503	civil	0	7	0	0.0	0.0	False	train
730870922.2040.2040	derailed	1	5	5	0.7655172496762781	0.22097351043828267	True	train
73120665.16783.16783	derailed	1	6	6	0.82595015	0.3099231166666667	True	train
731545749.34479.35374	derailed	1	6	0	0.0	0.0	False	train
731567718.1439.1439	civil	0	4	4	0.14663515355526607	0.06322346916639486	True	train
731618660.6177.6177	derailed	1	11	0	0.0	0.0	False	train
731742491.41044.41044	civil	0	6	0	0.0	0.0	False	train
73188468.24834.24834	civil	0	5	5	0.0	0.0	True	train
731896640.20675.20675	civil	0	6	0	0.0	0.0	False	train
732937042.14649.14649	civil	0	9	0	0.0	0.0	False	train
7332355.106960.106921	civil	0	8	0	0.0	0.0	False	train
733530266.68452.58792	civil	0	8	0	0.0	0.0	False	train
734190216.52781.52781	civil	0	10	0	0.0	0.0	False	train
734841111.2744.2744	civil	0	10	0	0.0	0.0	False	train
73529450.25568.25568	derailed	1	4	4	0.0	0.0	True	train
73543963.4142.4142	derailed	1	5	5	0.6771105	0.2491518968	True	train
735469299.11912.11912	derailed	1	10	0	0.0	0.0	False	train
73565673.2185.1845	derailed	1	6	0	0.0	0.0	False	train
735662847.63971.63971	derailed	1	9	0	0.0	0.0	False	train
735767406.20198.20198	civil	0	6	0	0.0	0.0	False	train
73625580.40952.40952	derailed	1	8	0	0.0	0.0	False	train
736416889.244153.244153	derailed	1	10	0	0.0	0.0	False	train
737281330.51355.51355	derailed	1	8	0	0.0	0.0	False	train
737560967.10605.10605	civil	0	10	10	0.39310002	0.1024613086	True	train
737561527.63967.63967	civil	0	8	0	0.0	0.0	False	train
73758383.55559.55559	derailed	1	6	0	0.0	0.0	False	train
738558606.11396.11396	derailed	1	6	6	0.64452356	0.292986135	True	train
738717494.12178.12178	civil	0	6	0	0.0	0.0	False	train
739570861.26040.26040	derailed	1	6	0	0.0	0.0	False	train
740184846.112053.112053	civil	0	7	0	0.0	0.0	False	train
74025127.19611.19611	civil	0	10	0	0.0	0.0	False	train
74065007.72648.72648	civil	0	6	0	0.0	0.0	False	train
74148323.30122.30122	derailed	1	10	0	0.0	0.0	False	train
741530246.1921.1921	derailed	1	7	0	0.0	0.0	False	train
741549582.17982.17982	civil	0	9	0	0.0	0.0	False	train
741882344.24101.24101	derailed	1	7	0	0.0	0.0	False	train
742267576.113262.113262	civil	0	7	0	0.0	0.0	False	train
74249038.29166.29166	civil	0	8	0	0.0	0.0	False	train
74264734.16462.16462	civil	0	8	0	0.0	0.0	False	train
74334734.26644.26644	derailed	1	6	0	0.0	0.0	False	train
743664846.2954.2954	derailed	1	4	4	0.7009271007619999	0.20774009648845024	True	train
743766825.32111.32111	civil	0	7	0	0.0	0.0	False	train
74386383.20834.20834	derailed	1	8	0	0.0	0.0	False	train
744447526.62089.62089	civil	0	9	0	0.0	0.0	False	train
744465308.27791.27791	derailed	1	7	0	0.0	0.0	False	train
74476816.21756.21756	civil	0	4	4	0.23766227	0.1363212485	True	train
74513180.7599.7599	civil	0	4	4	0.1162413	0.07003234750000001	True	train
746088728.63800.63800	civil	0	6	0	0.0	0.0	False	train
74631077.12510.12510	civil	0	5	5	0.13361588	0.0506190948	True	train
746878101.27513.27513	derailed	1	6	0	0.0	0.0	False	train
747294667.32175.32175	derailed	1	7	0	0.0	0.0	False	train
747898447.9638.9638	civil	0	6	0	0.0	0.0	False	train
74824877.8923.8923	derailed	1	8	0	0.0	0.0	False	train
748285529.50028.50028	civil	0	6	0	0.0	0.0	False	train
748997923.20686.20686	derailed	1	11	0	0.0	0.0	False	train
749653703.18707.18707	derailed	1	6	6	0.0	0.0	True	train
74991149.33483.33483	derailed	1	6	0	0.0	0.0	False	train
750457378.45288.45288	derailed	1	9	0	0.0	0.0	False	train
75067662.84381.84381	derailed	1	11	0	0.0	0.0	False	train
75085949.53304.53304	derailed	1	7	0	0.0	0.0	False	train
751096959.52363.52363	civil	0	7	0	0.0	0.0	False	train
75117087.102241.102241	civil	0	6	0	0.0	0.0	False	train
751593159.28868.28868	civil	0	6	0	0.0	0.0	False	train
75225768.6684.6684	derailed	1	6	0	0.0	0.0	False	train
754378495.11046.11046	civil	0	7	0	0.0	0.0	False	train
75526612.172400.172400	derailed	1	11	0	0.0	0.0	False	train
755412354.59921.59921	civil	0	7	0	0.0	0.0	False	train
756315529.4224.4224	derailed	1	6	0	0.0	0.0	False	train
756493076.13033.13033	civil	0	6	0	0.0	0.0	False	train
758111250.3444.3444	civil	0	4	4	0.09741327243880077	0.05453481910780726	True	train
758370010.5994.5994	civil	0	7	0	0.0	0.0	False	train
758507394.8693.8693	derailed	1	11	0	0.0	0.0	False	train
75883989.26895.26897	derailed	1	8	0	0.0	0.0	False	train
759375078.2920.2920	civil	0	8	0	0.0	0.0	False	train
75940002.5524.5524	civil	0	4	4	0.33694097	0.1169520825	True	train
761454660.22263.22263	civil	0	6	0	0.0	0.0	False	train
761673398.38517.38517	derailed	1	6	0	0.0	0.0	False	train
762423908.3104.3104	derailed	1	7	0	0.0	0.0	False	train
763150290.17662.17662	civil	0	6	0	0.0	0.0	False	train
763331394.8705.8705	derailed	1	5	5	0.7867063954046158	0.18715896550963307	True	train
763868815.32338.32338	derailed	1	7	0	0.0	0.0	False	train
764214926.27716.27716	derailed	1	9	0	0.0	0.0	False	train
764743515.23431.23431	derailed	1	6	0	0.0	0.0	False	train
764854379.45195.45195	derailed	1	6	0	0.0	0.0	False	train
765786031.5944.5944	civil	0	6	0	0.0	0.0	False	train
766031281.1376.1376	civil	0	7	0	0.0	0.0	False	train
76717185.8876.8876	derailed	1	11	0	0.0	0.0	False	train
76725431.24316.24316	derailed	1	5	5	0.8539382	0.25679562320000004	True	train
767556183.1101.1101	civil	0	4	4	0.095010534	0.050844155749999995	True	train
76758679.12182.12182	civil	0	8	0	0.0	0.0	False	train
769364787.22631.22631	derailed	1	10	0	0.0	0.0	False	train
769938015.24627.24627	derailed	1	7	0	0.0	0.0	False	train
770409690.3455.3455	civil	0	4	4	0.06865586530942401	0.03519018148591228	True	train
770792567.14945.14945	derailed	1	10	0	0.0	0.0	False	train
771543487.6863.6863	civil	0	4	4	0.20326477978357171	0.09999956094650857	True	train
771727036.38842.38842	civil	0	7	0	0.0	0.0	False	train
77174192.3401.3401	derailed	1	7	0	0.0	0.0	False	train
7727019.0.0	civil	0	6	0	0.0	0.0	False	train
774008813.58270.58270	civil	0	11	0	0.0	0.0	False	train
774345199.138468.138468	civil	0	11	0	0.0	0.0	False	train
774907619.52144.52144	civil	0	7	0	0.0	0.0	False	train
775001800.45867.45867	derailed	1	6	0	0.0	0.0	False	train
775007770.45867.45867	civil	0	6	0	0.0	0.0	False	train
77520446.78226.78226	civil	0	10	0	0.0	0.0	False	train
77569142.61183.61184	derailed	1	6	0	0.0	0.0	False	train
776120056.58653.58653	derailed	1	9	0	0.0	0.0	False	train
776243479.3602.3602	derailed	1	10	0	0.0	0.0	False	train
778685748.48108.48108	civil	0	9	0	0.0	0.0	False	train
77923549.10263.10263	civil	0	4	4	0.1285981466580049	0.07846151733448725	True	train
779426585.4499.4499	derailed	1	9	0	0.0	0.0	False	train
78052185.25868.25868	civil	0	6	0	0.0	0.0	False	train
780665688.15302.15302	civil	0	7	7	0.09537350003167552	0.05113380196328867	True	train
78208704.11589.11589	derailed	1	7	0	0.0	0.0	False	train
782811522.5613.5613	civil	0	6	0	0.0	0.0	False	train
783078330.3043.3043	derailed	1	8	0	0.0	0.0	False	train
783388021.16745.16745	derailed	1	7	0	0.0	0.0	False	train
783651231.9167.9167	civil	0	11	0	0.0	0.0	False	train
783881459.9475.9475	civil	0	7	0	0.0	0.0	False	train
784712991.67586.67586	civil	0	6	0	0.0	0.0	False	train
78498044.29904.29904	civil	0	4	4	0.13210447	0.0788125275	True	train
785312771.32166.32166	derailed	1	7	0	0.0	0.0	False	train
785645140.6714.6714	civil	0	6	0	0.0	0.0	False	train
78575567.85056.85056	derailed	1	9	9	0.80745673	0.27631854944444445	True	train
78600901.50657.50657	derailed	1	10	0	0.0	0.0	False	train
78642211.11864.11864	civil	0	4	4	0.07624375362709539	0.05849529922683002	True	train
786437039.18031.18031	civil	0	6	0	0.0	0.0	False	train
788102350.11480.11480	derailed	1	7	0	0.0	0.0	False	train
78821833.122959.122959	derailed	1	7	0	0.0	0.0	False	train
78955765.10778.10778	derailed	1	6	0	0.0	0.0	False	train
790211260.47074.47074	civil	0	6	0	0.0	0.0	False	train
790507682.2825.2825	civil	0	6	0	0.0	0.0	False	train
79063372.132281.132281	civil	0	7	0	0.0	0.0	False	train
793166259.2701.2701	civil	0	7	0	0.0	0.0	False	train
793345363.269395.269395	civil	0	11	0	0.0	0.0	False	train
793409358.275753.275753	derailed	1	11	0	0.0	0.0	False	train
795418637.79044.79044	derailed	1	11	0	0.0	0.0	False	train
795525272.264493.264493	civil	0	10	0	0.0	0.0	False	train
795677129.9903.9903	derailed	1	9	0	0.0	0.0	False	train
796392922.9632.9632	derailed	1	8	0	0.0	0.0	False	train
796496979.37912.37912	civil	0	13	0	0.0	0.0	False	train
797357251.5721.5721	civil	0	9	0	0.0	0.0	False	train
797756134.14341.14341	civil	0	6	0	0.0	0.0	False	train
79872869.3010.3010	derailed	1	8	0	0.0	0.0	False	train
798965834.19096.19096	civil	0	6	0	0.0	0.0	False	train
79928109.36079.36079	civil	0	6	0	0.0	0.0	False	train
799715196.6083.6083	derailed	1	9	0	0.0	0.0	False	train
799991606.13036.13036	derailed	1	11	0	0.0	0.0	False	train
800138779.80441.80441	derailed	1	11	0	0.0	0.0	False	train
800336953.204316.203362	derailed	1	8	0	0.0	0.0	False	train
800747251.13038.13038	derailed	1	11	0	0.0	0.0	False	train
800767638.13828.13828	civil	0	6	0	0.0	0.0	False	train
800845013.59398.59398	civil	0	6	0	0.0	0.0	False	train
80103228.13014.13014	derailed	1	5	5	0.644523548297	0.18107563111943034	True	train
801118111.91648.91648	derailed	1	8	0	0.0	0.0	False	train
801215268.39288.39288	derailed	1	7	0	0.0	0.0	False	train
80124304.40540.40540	derailed	1	6	0	0.0	0.0	False	train
801617686.26539.26539	derailed	1	6	0	0.0	0.0	False	train
80287913.432.432	civil	0	4	4	0.027745502	0.011365430999999999	True	train
80405734.40491.40491	civil	0	6	0	0.0	0.0	False	train
804707816.47153.47153	civil	0	6	0	0.0	0.0	False	train
804776348.19564.19564	derailed	1	6	0	0.0	0.0	False	train
80492594.5950.5950	civil	0	6	0	0.0	0.0	False	train
805637358.96880.96880	civil	0	6	0	0.0	0.0	False	train
80577871.161455.161455	civil	0	8	0	0.0	0.0	False	train
806997670.20527.20527	civil	0	9	0	0.0	0.0	False	train
807568909.55222.55222	civil	0	6	0	0.0	0.0	False	train
807589476.66247.66247	derailed	1	6	0	0.0	0.0	False	train
808855004.31991.31979	derailed	1	6	0	0.0	0.0	False	train
808866163.32361.32359	civil	0	7	0	0.0	0.0	False	train
80924063.6854.6854	derailed	1	4	4	0.71673405	0.26291412000000003	True	train
810064979.73048.73048	civil	0	6	0	0.0	0.0	False	train
810673562.64738.68264	derailed	1	9	0	0.0	0.0	False	train
810726841.14151.14151	derailed	1	8	0	0.0	0.0	False	train
811416191.3324.3324	derailed	1	10	0	0.0	0.0	False	train
811417859.77116.76781	derailed	1	9	0	0.0	0.0	False	train
81213427.6924.6924	civil	0	6	0	0.0	0.0	False	train
81249092.39456.39456	civil	0	7	0	0.0	0.0	False	train
81270880.30383.30383	civil	0	7	0	0.0	0.0	False	train
813773453.10248.10248	civil	0	7	0	0.0	0.0	False	train
814533843.193.193	civil	0	9	0	0.0	0.0	False	train
815465336.8307.8307	civil	0	13	0	0.0	0.0	False	train
81582588.82015.82015	civil	0	6	0	0.0	0.0	False	train
816137520.17124.17124	civil	0	7	0	0.0	0.0	False	train
81665442.41639.41639	civil	0	7	0	0.0	0.0	False	train
816847384.57770.57770	derailed	1	8	0	0.0	0.0	False	train
81850384.1858.1858	derailed	1	5	5	0.9721871	0.2189104946	True	train
81860447.28137.28137	derailed	1	10	0	0.0	0.0	False	train
819013638.30929.30929	derailed	1	8	0	0.0	0.0	False	train
820094433.4903.4903	civil	0	7	0	0.0	0.0	False	train
820280575.45404.45404	civil	0	7	0	0.0	0.0	False	train
82079179.7383.7383	derailed	1	11	0	0.0	0.0	False	train
820812359.51399.51399	derailed	1	7	0	0.0	0.0	False	train
82097839.59009.59009	civil	0	10	0	0.0	0.0	False	train
821678779.67117.67117	civil	0	8	0	0.0	0.0	False	train
822816567.13958.13958	derailed	1	6	0	0.0	0.0	False	train
823362912.9941.9941	derailed	1	11	0	0.0	0.0	False	train
824536468.49463.49463	civil	0	6	0	0.0	0.0	False	train
824631822.60123.60123	derailed	1	6	0	0.0	0.0	False	train
825035164.30719.30719	civil	0	6	0	0.0	0.0	False	train
82531639.18993.18801	civil	0	8	8	0.13593943	0.044390858125	True	train
825607038.54663.54663	civil	0	9	0	0.0	0.0	False	train
825763115.29366.29366	derailed	1	8	0	0.0	0.0	False	train
825803213.49744.49744	civil	0	11	0	0.0	0.0	False	train
8261330.931.931	derailed	1	9	0	0.0	0.0	False	train
826280305.8283.8283	derailed	1	6	0	0.0	0.0	False	train
826355419.95.95	derailed	1	7	0	0.0	0.0	False	train
82891418.131811.131811	civil	0	8	0	0.0	0.0	False	train
82917627.134310.134310	derailed	1	7	0	0.0	0.0	False	train
83062448.8505.8505	derailed	1	4	4	0.76823187	0.21692468250000002	True	train
831352116.174811.174398	derailed	1	9	0	0.0	0.0	False	train
83160877.1204.1204	derailed	1	4	4	0.82595015	0.2905418275	True	train
83202744.2343.2343	derailed	1	5	5	0.7264236	0.18588608299999998	True	train
832756878.1266.1266	derailed	1	7	0	0.0	0.0	False	train
83333257.11670.11670	derailed	1	10	0	0.0	0.0	False	train
833572826.2677.2677	derailed	1	9	0	0.0	0.0	False	train
83379672.18156.18156	civil	0	7	0	0.0	0.0	False	train
83485614.4262.4262	derailed	1	8	0	0.0	0.0	False	train
835230808.36762.36762	civil	0	7	0	0.0	0.0	False	train
835398293.25779.25779	derailed	1	7	0	0.0	0.0	False	train
83677906.66335.66335	derailed	1	7	0	0.0	0.0	False	train
83783767.35182.35182	civil	0	6	0	0.0	0.0	False	train
838359428.33401.33401	derailed	1	11	0	0.0	0.0	False	train
83888519.102297.102297	derailed	1	7	0	0.0	0.0	False	train
84002024.9799.9799	civil	0	4	4	0.11077706021294913	0.0858895499375692	True	train
842190924.21903.21903	civil	0	10	0	0.0	0.0	False	train
842381507.9508.9508	derailed	1	8	0	0.0	0.0	False	train
8425708.83402.83402	civil	0	6	0	0.0	0.0	False	train
84268831.3049.3049	civil	0	7	0	0.0	0.0	False	train
84308654.286.286	civil	0	5	5	0.036297615619378734	0.017732339117217038	True	train
843901667.1861.1861	derailed	1	6	0	0.0	0.0	False	train
844076727.27939.27355	civil	0	6	0	0.0	0.0	False	train
844595084.6611.6611	civil	0	8	0	0.0	0.0	False	train
84463782.13099.13099	derailed	1	6	0	0.0	0.0	False	train
8466322.3086.3086	derailed	1	6	0	0.0	0.0	False	train
84769383.5173.5173	derailed	1	7	0	0.0	0.0	False	train
84902818.1477.1477	civil	0	4	4	0.047459416	0.027751733	True	train
84937827.119428.119428	derailed	1	8	0	0.0	0.0	False	train
84963583.30826.30826	civil	0	8	0	0.0	0.0	False	train
85423577.0.0	derailed	1	9	0	0.0	0.0	False	train
85432439.7043.7043	civil	0	8	0	0.0	0.0	False	train
86237622.28106.28106	civil	0	6	0	0.0	0.0	False	train
86684421.53709.53709	derailed	1	11	0	0.0	0.0	False	train
87250979.7479.7479	civil	0	4	4	0.05254618082583815	0.04011937050637312	True	train
87270554.7356.7356	derailed	1	5	5	0.8539841999999999	0.18170857559999998	True	train
87330700.32278.32278	derailed	1	6	0	0.0	0.0	False	train
87557830.58945.58945	derailed	1	9	0	0.0	0.0	False	train
87566931.102823.102823	derailed	1	6	0	0.0	0.0	False	train
8877883.5060.5060	derailed	1	10	0	0.0	0.0	False	train
89284469.40985.40985	derailed	1	7	0	0.0	0.0	False	train
89297644.51897.51897	civil	0	7	0	0.0	0.0	False	train
89371763.21645.21645	civil	0	6	0	0.0	0.0	False	train
89680252.38104.38104	derailed	1	7	0	0.0	0.0	False	train
89950318.61467.61212	derailed	1	10	0	0.0	0.0	False	train
9038535.6726.6726	civil	0	9	0	0.0	0.0	False	train
90608250.29426.29426	derailed	1	6	6	0.84807074	0.189874907	True	train
90756989.176368.176368	civil	0	6	0	0.0	0.0	False	train
90973121.9218.9218	derailed	1	4	4	0.6771105	0.28995357	True	train
90996467.221155.221155	derailed	1	6	0	0.0	0.0	False	train
91219168.8760.8760	derailed	1	4	4	0.7808281869149999	0.23069629208521056	True	train
91522839.1453.1453	derailed	1	7	0	0.0	0.0	False	train
91687401.18722.18722	civil	0	4	4	0.0	0.0	True	train
92018054.2374.2374	civil	0	9	0	0.0	0.0	False	train
9222782.10471.10471	civil	0	7	0	0.0	0.0	False	train
92663499.3623.3623	civil	0	6	6	0.14622274	0.08131544950000001	True	train
92664561.3854.3854	derailed	1	8	8	0.8508889999999999	0.253103487875	True	train
92668513.12202.12202	civil	0	9	0	0.0	0.0	False	train
92857778.0.0	civil	0	7	0	0.0	0.0	False	train
93468663.16231.16231	derailed	1	9	0	0.0	0.0	False	train
94526037.13231.13231	derailed	1	6	0	0.0	0.0	False	train
94748777.9565.9565	derailed	1	6	6	0.0	0.0	True	train
95020495.48667.48667	civil	0	7	0	0.0	0.0	False	train
95100799.58.76	civil	0	7	7	0.10846504	0.07122237271428573	True	train
952436.7798.7798	civil	0	9	0	0.0	0.0	False	train
95273157.1954.1954	civil	0	16	16	0.34031300000000003	0.0545435051875	True	train
95466572.12210.12210	derailed	1	10	0	0.0	0.0	False	train
95493930.36972.35968	civil	0	6	0	0.0	0.0	False	train
95515544.4382.4382	civil	0	8	0	0.0	0.0	False	train
97155295.4635.4635	civil	0	6	0	0.0	0.0	False	train
97426078.102791.102791	derailed	1	6	0	0.0	0.0	False	train
97524250.56095.56095	civil	0	10	0	0.0	0.0	False	train
97553941.4063.4063	derailed	1	7	0	0.0	0.0	False	train
97564073.17661.17661	civil	0	7	0	0.0	0.0	False	train
97711081.15939.15939	derailed	1	6	6	0.714558414465394	0.1511087679502389	True	train
97711081.16397.16397	derailed	1	7	7	0.64452356	0.1174087481857143	True	train
97736747.26897.26897	civil	0	8	0	0.0	0.0	False	train
97814179.5675.5675	civil	0	10	10	0.40758303	0.1160676317	True	train
97899746.2042.2042	civil	0	5	5	0.13167502585399055	0.07317014338798969	True	train
98071983.10061.9817	derailed	1	5	5	0.0	0.0	True	train
98463793.2187.2187	derailed	1	5	5	0.6094272416696982	0.2674153699099567	True	train
98557146.17700.0	derailed	1	11	0	0.0	0.0	False	train
9860404.13090.13090	derailed	1	9	0	0.0	0.0	False	train
9899035.25545.25545	derailed	1	10	0	0.0	0.0	False	train
99012256.25049.25049	derailed	1	10	0	0.0	0.0	False	train
99129032.30870.30870	civil	0	9	0	0.0	0.0	False	train
99357960.32952.32952	civil	0	5	5	0.0	0.0	True	train
99560738.4755.4755	derailed	1	6	6	0.6111541298132559	0.15296179834382506	True	train
99634556.9406.9406	civil	0	3	3	0.04706633451159243	0.021177264135379185	True	train
9969444.2252.2252	civil	0	6	0	0.0	0.0	False	train
99737146.45720.45720	civil	0	6	0	0.0	0.0	False	train
99792247.45761.45761	derailed	1	10	0	0.0	0.0	False	train
9981508.3625.3625	derailed	1	7	0	0.0	0.0	False	train
